[{"produto": "Produto 46", "categoria": "Livros", "valor": 7324}, {"produto": "Produto 35", "categoria": "Roupas", "valor": 3960}, {"produto": "Produto 92", "categoria": "Batman", "valor": 7174}, {"produto": "Produto 58", "categoria": "Roupas", "valor": 6408}, {"produto": "Produto 97", "categoria": "Livros", "valor": 6161}, {"produto": "Produto 88", "categoria": "Livros", "valor": 5593}, {"produto": "Produto 100", "categoria": "Roupas", "valor": 9927}, {"produto": "Produto 63", "categoria": "Eletronicos", "valor": 3919}, {"produto": "Produto 94", "categoria": "Livros", "valor": 8305}, {"produto": "Produto 94", "categoria": "Roupas", "valor": 806}, {"produto": "Produto 6", "categoria": "Roupas", "valor": 1900}, {"produto": "Produto 20", "categoria": "Batman", "valor": 6302}, {"produto": "Produto 100", "categoria": "Batman", "valor": 8971}, {"produto": "Produto 77", "categoria": "A\u00e7\u00f5es", "valor": 4443}, {"produto": "Produto 98", "categoria": "Eletronicos", "valor": 1524}, {"produto": "Produto 69", "categoria": "Roupas", "valor": 2747}, {"produto": "Produto 65", "categoria": "Eletronicos", "valor": 8303}, {"produto": "Produto 66", "categoria": "Batman", "valor": 3468}, {"produto": "Produto 25", "categoria": "Eletronicos", "valor": 9018}, {"produto": "Produto 21", "categoria": "Livros", "valor": 3933}, {"produto": "Produto 90", "categoria": "Batman", "valor": 9829}, {"produto": "Produto 100", "categoria": "Batman", "valor": 6106}, {"produto": "Produto 20", "categoria": "Livros", "valor": 1217}, {"produto": "Produto 1", "categoria": "Livros", "valor": 928}, {"produto": "Produto 82", "categoria": "A\u00e7\u00f5es", "valor": 1885}, {"produto": "Produto 83", "categoria": "Batman", "valor": 2287}, {"produto": "Produto 35", "categoria": "Roupas", "valor": 2588}, {"produto": "Produto 58", "categoria": "A\u00e7\u00f5es", "valor": 2944}, {"produto": "Produto 77", "categoria": "Roupas", "valor": 6182}, {"produto": "Produto 47", "categoria": "Livros", "valor": 5672}, {"produto": "Produto 18", "categoria": "Livros", "valor": 4742}, {"produto": "Produto 1", "categoria": "A\u00e7\u00f5es", "valor": 9013}, {"produto": "Produto 14", "categoria": "Livros", "valor": 1188}, {"produto": "Produto 38", "categoria": "Livros", "valor": 4879}, {"produto": "Produto 16", "categoria": "Eletronicos", "valor": 897}, {"produto": "Produto 15", "categoria": "Livros", "valor": 4072}, {"produto": "Produto 79", "categoria": "Livros", "valor": 5961}, {"produto": "Produto 65", "categoria": "Batman", "valor": 7505}, {"produto": "Produto 19", "categoria": "Eletronicos", "valor": 2317}, {"produto": "Produto 21", "categoria": "Eletronicos", "valor": 1528}, {"produto": "Produto 57", "categoria": "A\u00e7\u00f5es", "valor": 3660}, {"produto": "Produto 71", "categoria": "Roupas", "valor": 9292}, {"produto": "Produto 73", "categoria": "Livros", "valor": 9877}, {"produto": "Produto 2", "categoria": "Batman", "valor": 4383}, {"produto": "Produto 99", "categoria": "A\u00e7\u00f5es", "valor": 8518}, {"produto": "Produto 77", "categoria": "Livros", "valor": 2492}, {"produto": "Produto 100", "categoria": "A\u00e7\u00f5es", "valor": 8240}, {"produto": "Produto 9", "categoria": "Batman", "valor": 1393}, {"produto": "Produto 22", "categoria": "Eletronicos", "valor": 8239}, {"produto": "Produto 31", "categoria": "A\u00e7\u00f5es", "valor": 2963}, {"produto": "Produto 21", "categoria": "Batman", "valor": 6319}, {"produto": "Produto 46", "categoria": "Roupas", "valor": 5947}, {"produto": "Produto 9", "categoria": "Livros", "valor": 8453}, {"produto": "Produto 13", "categoria": "Eletronicos", "valor": 5987}, {"produto": "Produto 71", "categoria": "Roupas", "valor": 6493}, {"produto": "Produto 53", "categoria": "Batman", "valor": 2891}, {"produto": "Produto 12", "categoria": "Roupas", "valor": 5137}, {"produto": "Produto 60", "categoria": "Eletronicos", "valor": 1360}, {"produto": "Produto 20", "categoria": "Roupas", "valor": 3564}, {"produto": "Produto 92", "categoria": "Roupas", "valor": 9806}, {"produto": "Produto 22", "categoria": "Eletronicos", "valor": 968}, {"produto": "Produto 68", "categoria": "A\u00e7\u00f5es", "valor": 529}, {"produto": "Produto 58", "categoria": "Eletronicos", "valor": 6588}, {"produto": "Produto 60", "categoria": "Livros", "valor": 8402}, {"produto": "Produto 33", "categoria": "Roupas", "valor": 8930}, {"produto": "Produto 55", "categoria": "Eletronicos", "valor": 6612}, {"produto": "Produto 70", "categoria": "A\u00e7\u00f5es", "valor": 5767}, {"produto": "Produto 49", "categoria": "A\u00e7\u00f5es", "valor": 6784}, {"produto": "Produto 71", "categoria": "Livros", "valor": 6505}, {"produto": "Produto 65", "categoria": "Batman", "valor": 2066}, {"produto": "Produto 22", "categoria": "A\u00e7\u00f5es", "valor": 6987}, {"produto": "Produto 31", "categoria": "Roupas", "valor": 5076}, {"produto": "Produto 2", "categoria": "Roupas", "valor": 3863}, {"produto": "Produto 16", "categoria": "Roupas", "valor": 4090}, {"produto": "Produto 3", "categoria": "Batman", "valor": 3602}, {"produto": "Produto 84", "categoria": "Batman", "valor": 5054}, {"produto": "Produto 13", "categoria": "A\u00e7\u00f5es", "valor": 7446}, {"produto": "Produto 28", "categoria": "Eletronicos", "valor": 8086}, {"produto": "Produto 99", "categoria": "Batman", "valor": 768}, {"produto": "Produto 30", "categoria": "Batman", "valor": 5744}, {"produto": "Produto 97", "categoria": "Livros", "valor": 5187}, {"produto": "Produto 43", "categoria": "Roupas", "valor": 227}, {"produto": "Produto 73", "categoria": "Eletronicos", "valor": 664}, {"produto": "Produto 84", "categoria": "A\u00e7\u00f5es", "valor": 8590}, {"produto": "Produto 26", "categoria": "Roupas", "valor": 9977}, {"produto": "Produto 21", "categoria": "Roupas", "valor": 3937}, {"produto": "Produto 45", "categoria": "A\u00e7\u00f5es", "valor": 1501}, {"produto": "Produto 91", "categoria": "Livros", "valor": 7561}, {"produto": "Produto 16", "categoria": "Eletronicos", "valor": 1015}, {"produto": "Produto 55", "categoria": "Eletronicos", "valor": 1297}, {"produto": "Produto 84", "categoria": "Livros", "valor": 6475}, {"produto": "Produto 22", "categoria": "Livros", "valor": 8199}, {"produto": "Produto 67", "categoria": "Batman", "valor": 1763}, {"produto": "Produto 84", "categoria": "Batman", "valor": 4995}, {"produto": "Produto 4", "categoria": "A\u00e7\u00f5es", "valor": 1112}, {"produto": "Produto 32", "categoria": "Batman", "valor": 41}, {"produto": "Produto 82", "categoria": "Livros", "valor": 9743}, {"produto": "Produto 52", "categoria": "Eletronicos", "valor": 4230}, {"produto": "Produto 76", "categoria": "A\u00e7\u00f5es", "valor": 5146}, {"produto": "Produto 9", "categoria": "A\u00e7\u00f5es", "valor": 4347}, {"produto": "Produto 36", "categoria": "Roupas", "valor": 2295}, {"produto": "Produto 83", "categoria": "Livros", "valor": 3298}, {"produto": "Produto 6", "categoria": "Roupas", "valor": 8329}, {"produto": "Produto 79", "categoria": "A\u00e7\u00f5es", "valor": 9037}, {"produto": "Produto 83", "categoria": "Livros", "valor": 6535}, {"produto": "Produto 60", "categoria": "Roupas", "valor": 2021}, {"produto": "Produto 92", "categoria": "Livros", "valor": 9620}, {"produto": "Produto 32", "categoria": "Roupas", "valor": 7206}, {"produto": "Produto 4", "categoria": "Eletronicos", "valor": 1959}, {"produto": "Produto 41", "categoria": "Roupas", "valor": 6187}, {"produto": "Produto 18", "categoria": "Roupas", "valor": 1262}, {"produto": "Produto 19", "categoria": "Livros", "valor": 7842}, {"produto": "Produto 2", "categoria": "Eletronicos", "valor": 6005}, {"produto": "Produto 87", "categoria": "Batman", "valor": 7885}, {"produto": "Produto 19", "categoria": "Batman", "valor": 5469}, {"produto": "Produto 8", "categoria": "Livros", "valor": 3527}, {"produto": "Produto 59", "categoria": "Livros", "valor": 8758}, {"produto": "Produto 76", "categoria": "Roupas", "valor": 4350}, {"produto": "Produto 60", "categoria": "A\u00e7\u00f5es", "valor": 9054}, {"produto": "Produto 61", "categoria": "Eletronicos", "valor": 9223}, {"produto": "Produto 39", "categoria": "Roupas", "valor": 3255}, {"produto": "Produto 26", "categoria": "Roupas", "valor": 7917}, {"produto": "Produto 77", "categoria": "Roupas", "valor": 4970}, {"produto": "Produto 55", "categoria": "Eletronicos", "valor": 8738}, {"produto": "Produto 4", "categoria": "A\u00e7\u00f5es", "valor": 6779}, {"produto": "Produto 9", "categoria": "Batman", "valor": 4871}, {"produto": "Produto 63", "categoria": "Eletronicos", "valor": 9335}, {"produto": "Produto 71", "categoria": "A\u00e7\u00f5es", "valor": 3938}, {"produto": "Produto 18", "categoria": "Eletronicos", "valor": 1096}, {"produto": "Produto 66", "categoria": "Eletronicos", "valor": 1345}, {"produto": "Produto 97", "categoria": "Batman", "valor": 1179}, {"produto": "Produto 24", "categoria": "Eletronicos", "valor": 7622}, {"produto": "Produto 4", "categoria": "A\u00e7\u00f5es", "valor": 8918}, {"produto": "Produto 96", "categoria": "Livros", "valor": 5310}, {"produto": "Produto 3", "categoria": "Roupas", "valor": 4348}, {"produto": "Produto 47", "categoria": "Eletronicos", "valor": 8641}, {"produto": "Produto 92", "categoria": "Livros", "valor": 3359}, {"produto": "Produto 75", "categoria": "A\u00e7\u00f5es", "valor": 9208}, {"produto": "Produto 11", "categoria": "Eletronicos", "valor": 4763}, {"produto": "Produto 68", "categoria": "Livros", "valor": 9823}, {"produto": "Produto 99", "categoria": "A\u00e7\u00f5es", "valor": 3962}, {"produto": "Produto 83", "categoria": "Roupas", "valor": 2351}, {"produto": "Produto 10", "categoria": "Roupas", "valor": 8464}, {"produto": "Produto 71", "categoria": "Roupas", "valor": 9788}, {"produto": "Produto 52", "categoria": "Eletronicos", "valor": 516}, {"produto": "Produto 21", "categoria": "Eletronicos", "valor": 9700}, {"produto": "Produto 13", "categoria": "A\u00e7\u00f5es", "valor": 3184}, {"produto": "Produto 63", "categoria": "Livros", "valor": 7151}, {"produto": "Produto 22", "categoria": "Batman", "valor": 6932}, {"produto": "Produto 59", "categoria": "Livros", "valor": 9360}, {"produto": "Produto 80", "categoria": "Eletronicos", "valor": 2833}, {"produto": "Produto 70", "categoria": "Livros", "valor": 827}, {"produto": "Produto 67", "categoria": "Roupas", "valor": 5011}, {"produto": "Produto 32", "categoria": "Roupas", "valor": 6305}, {"produto": "Produto 19", "categoria": "A\u00e7\u00f5es", "valor": 9249}, {"produto": "Produto 72", "categoria": "A\u00e7\u00f5es", "valor": 8703}, {"produto": "Produto 5", "categoria": "Batman", "valor": 8810}, {"produto": "Produto 41", "categoria": "A\u00e7\u00f5es", "valor": 2174}, {"produto": "Produto 48", "categoria": "Eletronicos", "valor": 8405}, {"produto": "Produto 24", "categoria": "Eletronicos", "valor": 3166}, {"produto": "Produto 22", "categoria": "Livros", "valor": 5349}, {"produto": "Produto 19", "categoria": "A\u00e7\u00f5es", "valor": 354}, {"produto": "Produto 68", "categoria": "Roupas", "valor": 5354}, {"produto": "Produto 12", "categoria": "Batman", "valor": 7247}, {"produto": "Produto 37", "categoria": "A\u00e7\u00f5es", "valor": 8811}, {"produto": "Produto 81", "categoria": "Eletronicos", "valor": 6156}, {"produto": "Produto 59", "categoria": "A\u00e7\u00f5es", "valor": 4106}, {"produto": "Produto 96", "categoria": "Livros", "valor": 438}, {"produto": "Produto 81", "categoria": "A\u00e7\u00f5es", "valor": 4858}, {"produto": "Produto 95", "categoria": "Roupas", "valor": 1315}, {"produto": "Produto 75", "categoria": "Livros", "valor": 1294}, {"produto": "Produto 48", "categoria": "Livros", "valor": 643}, {"produto": "Produto 50", "categoria": "A\u00e7\u00f5es", "valor": 9833}, {"produto": "Produto 6", "categoria": "Batman", "valor": 9861}, {"produto": "Produto 21", "categoria": "Batman", "valor": 5107}, {"produto": "Produto 38", "categoria": "A\u00e7\u00f5es", "valor": 1180}, {"produto": "Produto 35", "categoria": "A\u00e7\u00f5es", "valor": 7570}, {"produto": "Produto 20", "categoria": "Roupas", "valor": 7149}, {"produto": "Produto 32", "categoria": "Eletronicos", "valor": 4352}, {"produto": "Produto 82", "categoria": "Eletronicos", "valor": 8885}, {"produto": "Produto 65", "categoria": "Eletronicos", "valor": 3053}, {"produto": "Produto 50", "categoria": "Batman", "valor": 8288}, {"produto": "Produto 3", "categoria": "Livros", "valor": 1327}, {"produto": "Produto 55", "categoria": "A\u00e7\u00f5es", "valor": 5616}, {"produto": "Produto 65", "categoria": "A\u00e7\u00f5es", "valor": 2579}, {"produto": "Produto 40", "categoria": "A\u00e7\u00f5es", "valor": 7951}, {"produto": "Produto 40", "categoria": "Livros", "valor": 5263}, {"produto": "Produto 59", "categoria": "Eletronicos", "valor": 6116}, {"produto": "Produto 6", "categoria": "Roupas", "valor": 4386}, {"produto": "Produto 89", "categoria": "Roupas", "valor": 1371}, {"produto": "Produto 96", "categoria": "Eletronicos", "valor": 3904}, {"produto": "Produto 68", "categoria": "A\u00e7\u00f5es", "valor": 3372}, {"produto": "Produto 86", "categoria": "Livros", "valor": 9204}, {"produto": "Produto 77", "categoria": "Eletronicos", "valor": 4117}, {"produto": "Produto 57", "categoria": "Roupas", "valor": 5880}, {"produto": "Produto 17", "categoria": "Livros", "valor": 5311}, {"produto": "Produto 17", "categoria": "Eletronicos", "valor": 2779}, {"produto": "Produto 21", "categoria": "Eletronicos", "valor": 3321}, {"produto": "Produto 82", "categoria": "Roupas", "valor": 9970}, {"produto": "Produto 43", "categoria": "Roupas", "valor": 5572}, {"produto": "Produto 34", "categoria": "A\u00e7\u00f5es", "valor": 5806}, {"produto": "Produto 41", "categoria": "Livros", "valor": 8238}, {"produto": "Produto 50", "categoria": "A\u00e7\u00f5es", "valor": 3508}, {"produto": "Produto 72", "categoria": "Eletronicos", "valor": 1431}, {"produto": "Produto 94", "categoria": "Batman", "valor": 7693}, {"produto": "Produto 68", "categoria": "Roupas", "valor": 5875}, {"produto": "Produto 26", "categoria": "Batman", "valor": 7496}, {"produto": "Produto 43", "categoria": "Eletronicos", "valor": 189}, {"produto": "Produto 83", "categoria": "Livros", "valor": 5324}, {"produto": "Produto 54", "categoria": "A\u00e7\u00f5es", "valor": 1328}, {"produto": "Produto 58", "categoria": "Livros", "valor": 2086}, {"produto": "Produto 89", "categoria": "Eletronicos", "valor": 1407}, {"produto": "Produto 25", "categoria": "Eletronicos", "valor": 8516}, {"produto": "Produto 78", "categoria": "Roupas", "valor": 7449}, {"produto": "Produto 22", "categoria": "Livros", "valor": 1856}, {"produto": "Produto 1", "categoria": "Roupas", "valor": 6675}, {"produto": "Produto 30", "categoria": "Batman", "valor": 9728}, {"produto": "Produto 12", "categoria": "Eletronicos", "valor": 1399}, {"produto": "Produto 55", "categoria": "Livros", "valor": 7249}, {"produto": "Produto 75", "categoria": "Eletronicos", "valor": 2196}, {"produto": "Produto 47", "categoria": "Roupas", "valor": 6739}, {"produto": "Produto 31", "categoria": "Roupas", "valor": 4190}, {"produto": "Produto 30", "categoria": "Roupas", "valor": 1402}, {"produto": "Produto 21", "categoria": "Roupas", "valor": 2169}, {"produto": "Produto 98", "categoria": "Livros", "valor": 7830}, {"produto": "Produto 25", "categoria": "Batman", "valor": 5486}, {"produto": "Produto 43", "categoria": "Roupas", "valor": 2979}, {"produto": "Produto 93", "categoria": "Batman", "valor": 8075}, {"produto": "Produto 37", "categoria": "Roupas", "valor": 7190}, {"produto": "Produto 12", "categoria": "A\u00e7\u00f5es", "valor": 5076}, {"produto": "Produto 68", "categoria": "Eletronicos", "valor": 7975}, {"produto": "Produto 38", "categoria": "Eletronicos", "valor": 565}, {"produto": "Produto 74", "categoria": "Roupas", "valor": 7271}, {"produto": "Produto 93", "categoria": "Batman", "valor": 8438}, {"produto": "Produto 52", "categoria": "Batman", "valor": 1995}, {"produto": "Produto 39", "categoria": "Batman", "valor": 379}, {"produto": "Produto 28", "categoria": "Livros", "valor": 8585}, {"produto": "Produto 15", "categoria": "Eletronicos", "valor": 7460}, {"produto": "Produto 37", "categoria": "Livros", "valor": 9561}, {"produto": "Produto 71", "categoria": "Roupas", "valor": 7374}, {"produto": "Produto 47", "categoria": "Livros", "valor": 5323}, {"produto": "Produto 93", "categoria": "Roupas", "valor": 8458}, {"produto": "Produto 45", "categoria": "Livros", "valor": 6248}, {"produto": "Produto 13", "categoria": "Roupas", "valor": 2286}, {"produto": "Produto 85", "categoria": "Batman", "valor": 9969}, {"produto": "Produto 67", "categoria": "Livros", "valor": 6177}, {"produto": "Produto 78", "categoria": "A\u00e7\u00f5es", "valor": 6091}, {"produto": "Produto 24", "categoria": "Eletronicos", "valor": 5967}, {"produto": "Produto 38", "categoria": "Eletronicos", "valor": 8506}, {"produto": "Produto 53", "categoria": "Livros", "valor": 6652}, {"produto": "Produto 71", "categoria": "Eletronicos", "valor": 7616}, {"produto": "Produto 32", "categoria": "A\u00e7\u00f5es", "valor": 9919}, {"produto": "Produto 20", "categoria": "A\u00e7\u00f5es", "valor": 2090}, {"produto": "Produto 72", "categoria": "Batman", "valor": 2384}, {"produto": "Produto 30", "categoria": "Batman", "valor": 8252}, {"produto": "Produto 61", "categoria": "Eletronicos", "valor": 2958}, {"produto": "Produto 50", "categoria": "Batman", "valor": 4015}, {"produto": "Produto 48", "categoria": "Livros", "valor": 6583}, {"produto": "Produto 88", "categoria": "Eletronicos", "valor": 3109}, {"produto": "Produto 61", "categoria": "Eletronicos", "valor": 3158}, {"produto": "Produto 99", "categoria": "Batman", "valor": 3186}, {"produto": "Produto 72", "categoria": "A\u00e7\u00f5es", "valor": 2388}, {"produto": "Produto 99", "categoria": "Eletronicos", "valor": 9020}, {"produto": "Produto 96", "categoria": "A\u00e7\u00f5es", "valor": 3512}, {"produto": "Produto 53", "categoria": "Livros", "valor": 7347}, {"produto": "Produto 90", "categoria": "A\u00e7\u00f5es", "valor": 8123}, {"produto": "Produto 44", "categoria": "Livros", "valor": 5755}, {"produto": "Produto 43", "categoria": "Eletronicos", "valor": 1991}, {"produto": "Produto 91", "categoria": "Livros", "valor": 3878}, {"produto": "Produto 50", "categoria": "Roupas", "valor": 4283}, {"produto": "Produto 28", "categoria": "Livros", "valor": 9004}, {"produto": "Produto 92", "categoria": "Batman", "valor": 1269}, {"produto": "Produto 1", "categoria": "Eletronicos", "valor": 3821}, {"produto": "Produto 65", "categoria": "Eletronicos", "valor": 7030}, {"produto": "Produto 63", "categoria": "Eletronicos", "valor": 9741}, {"produto": "Produto 87", "categoria": "Roupas", "valor": 5995}, {"produto": "Produto 23", "categoria": "Eletronicos", "valor": 3090}, {"produto": "Produto 13", "categoria": "A\u00e7\u00f5es", "valor": 8281}, {"produto": "Produto 50", "categoria": "Roupas", "valor": 4398}, {"produto": "Produto 60", "categoria": "Batman", "valor": 3986}, {"produto": "Produto 84", "categoria": "A\u00e7\u00f5es", "valor": 4809}, {"produto": "Produto 65", "categoria": "Batman", "valor": 1758}, {"produto": "Produto 25", "categoria": "A\u00e7\u00f5es", "valor": 5903}, {"produto": "Produto 67", "categoria": "Batman", "valor": 5566}, {"produto": "Produto 100", "categoria": "Livros", "valor": 834}, {"produto": "Produto 16", "categoria": "Livros", "valor": 6561}, {"produto": "Produto 95", "categoria": "Livros", "valor": 8397}, {"produto": "Produto 36", "categoria": "Batman", "valor": 2009}, {"produto": "Produto 69", "categoria": "Batman", "valor": 5989}, {"produto": "Produto 61", "categoria": "Livros", "valor": 4462}, {"produto": "Produto 48", "categoria": "Roupas", "valor": 3570}, {"produto": "Produto 36", "categoria": "A\u00e7\u00f5es", "valor": 9934}, {"produto": "Produto 70", "categoria": "Batman", "valor": 3934}, {"produto": "Produto 77", "categoria": "Batman", "valor": 951}, {"produto": "Produto 1", "categoria": "Eletronicos", "valor": 3054}, {"produto": "Produto 72", "categoria": "A\u00e7\u00f5es", "valor": 2811}, {"produto": "Produto 59", "categoria": "Roupas", "valor": 5804}, {"produto": "Produto 28", "categoria": "Eletronicos", "valor": 3579}, {"produto": "Produto 45", "categoria": "Livros", "valor": 3241}, {"produto": "Produto 3", "categoria": "A\u00e7\u00f5es", "valor": 3153}, {"produto": "Produto 51", "categoria": "Livros", "valor": 6487}, {"produto": "Produto 54", "categoria": "Roupas", "valor": 7717}, {"produto": "Produto 69", "categoria": "Eletronicos", "valor": 8705}, {"produto": "Produto 52", "categoria": "Eletronicos", "valor": 8464}, {"produto": "Produto 65", "categoria": "Eletronicos", "valor": 8384}, {"produto": "Produto 43", "categoria": "Batman", "valor": 8354}, {"produto": "Produto 53", "categoria": "Roupas", "valor": 4116}, {"produto": "Produto 87", "categoria": "Livros", "valor": 8305}, {"produto": "Produto 50", "categoria": "Livros", "valor": 2838}, {"produto": "Produto 33", "categoria": "Roupas", "valor": 9756}, {"produto": "Produto 48", "categoria": "Batman", "valor": 9681}, {"produto": "Produto 67", "categoria": "Eletronicos", "valor": 9372}, {"produto": "Produto 85", "categoria": "Eletronicos", "valor": 6617}, {"produto": "Produto 17", "categoria": "Roupas", "valor": 7092}, {"produto": "Produto 3", "categoria": "A\u00e7\u00f5es", "valor": 1700}, {"produto": "Produto 88", "categoria": "A\u00e7\u00f5es", "valor": 7805}, {"produto": "Produto 66", "categoria": "Eletronicos", "valor": 6974}, {"produto": "Produto 4", "categoria": "Eletronicos", "valor": 8672}, {"produto": "Produto 68", "categoria": "Batman", "valor": 819}, {"produto": "Produto 86", "categoria": "Batman", "valor": 2988}, {"produto": "Produto 38", "categoria": "A\u00e7\u00f5es", "valor": 4612}, {"produto": "Produto 45", "categoria": "Roupas", "valor": 7265}, {"produto": "Produto 60", "categoria": "Roupas", "valor": 5240}, {"produto": "Produto 43", "categoria": "Roupas", "valor": 543}, {"produto": "Produto 29", "categoria": "Roupas", "valor": 6925}, {"produto": "Produto 43", "categoria": "Roupas", "valor": 8720}, {"produto": "Produto 37", "categoria": "Roupas", "valor": 7803}, {"produto": "Produto 88", "categoria": "A\u00e7\u00f5es", "valor": 6209}, {"produto": "Produto 78", "categoria": "Roupas", "valor": 8845}, {"produto": "Produto 60", "categoria": "Batman", "valor": 7977}, {"produto": "Produto 11", "categoria": "Livros", "valor": 9711}, {"produto": "Produto 52", "categoria": "A\u00e7\u00f5es", "valor": 3750}, {"produto": "Produto 98", "categoria": "A\u00e7\u00f5es", "valor": 9629}, {"produto": "Produto 85", "categoria": "Livros", "valor": 6986}, {"produto": "Produto 68", "categoria": "Batman", "valor": 2478}, {"produto": "Produto 33", "categoria": "Livros", "valor": 6428}, {"produto": "Produto 83", "categoria": "Batman", "valor": 2924}, {"produto": "Produto 1", "categoria": "Batman", "valor": 235}, {"produto": "Produto 10", "categoria": "Batman", "valor": 7588}, {"produto": "Produto 47", "categoria": "A\u00e7\u00f5es", "valor": 9968}, {"produto": "Produto 69", "categoria": "Eletronicos", "valor": 7312}, {"produto": "Produto 75", "categoria": "Eletronicos", "valor": 9082}, {"produto": "Produto 16", "categoria": "Eletronicos", "valor": 9316}, {"produto": "Produto 47", "categoria": "Eletronicos", "valor": 3884}, {"produto": "Produto 24", "categoria": "A\u00e7\u00f5es", "valor": 4316}, {"produto": "Produto 7", "categoria": "Livros", "valor": 8203}, {"produto": "Produto 54", "categoria": "Roupas", "valor": 4922}, {"produto": "Produto 73", "categoria": "Batman", "valor": 8424}, {"produto": "Produto 7", "categoria": "Roupas", "valor": 70}, {"produto": "Produto 5", "categoria": "Batman", "valor": 2626}, {"produto": "Produto 58", "categoria": "A\u00e7\u00f5es", "valor": 2333}, {"produto": "Produto 63", "categoria": "Batman", "valor": 8682}, {"produto": "Produto 40", "categoria": "A\u00e7\u00f5es", "valor": 5345}, {"produto": "Produto 48", "categoria": "A\u00e7\u00f5es", "valor": 3210}, {"produto": "Produto 25", "categoria": "Eletronicos", "valor": 422}, {"produto": "Produto 83", "categoria": "Batman", "valor": 2700}, {"produto": "Produto 77", "categoria": "A\u00e7\u00f5es", "valor": 4254}, {"produto": "Produto 78", "categoria": "Batman", "valor": 6081}, {"produto": "Produto 70", "categoria": "Roupas", "valor": 4250}, {"produto": "Produto 89", "categoria": "A\u00e7\u00f5es", "valor": 2247}, {"produto": "Produto 74", "categoria": "Eletronicos", "valor": 5348}, {"produto": "Produto 2", "categoria": "Roupas", "valor": 6787}, {"produto": "Produto 73", "categoria": "Roupas", "valor": 4495}, {"produto": "Produto 65", "categoria": "Livros", "valor": 8662}, {"produto": "Produto 54", "categoria": "Roupas", "valor": 1566}, {"produto": "Produto 97", "categoria": "Livros", "valor": 4715}, {"produto": "Produto 50", "categoria": "Batman", "valor": 2624}, {"produto": "Produto 38", "categoria": "Eletronicos", "valor": 6524}, {"produto": "Produto 5", "categoria": "Eletronicos", "valor": 9147}, {"produto": "Produto 64", "categoria": "Eletronicos", "valor": 4564}, {"produto": "Produto 90", "categoria": "Batman", "valor": 4074}, {"produto": "Produto 79", "categoria": "A\u00e7\u00f5es", "valor": 5389}, {"produto": "Produto 98", "categoria": "Batman", "valor": 8763}, {"produto": "Produto 28", "categoria": "Roupas", "valor": 9919}, {"produto": "Produto 34", "categoria": "Roupas", "valor": 3948}, {"produto": "Produto 8", "categoria": "Roupas", "valor": 3161}, {"produto": "Produto 19", "categoria": "Livros", "valor": 7499}, {"produto": "Produto 3", "categoria": "Livros", "valor": 6645}, {"produto": "Produto 30", "categoria": "Livros", "valor": 4659}, {"produto": "Produto 9", "categoria": "Roupas", "valor": 4093}, {"produto": "Produto 33", "categoria": "Roupas", "valor": 6652}, {"produto": "Produto 50", "categoria": "Eletronicos", "valor": 5982}, {"produto": "Produto 26", "categoria": "Livros", "valor": 9590}, {"produto": "Produto 34", "categoria": "Roupas", "valor": 8021}, {"produto": "Produto 66", "categoria": "Roupas", "valor": 6497}, {"produto": "Produto 14", "categoria": "A\u00e7\u00f5es", "valor": 2308}, {"produto": "Produto 62", "categoria": "Batman", "valor": 4514}, {"produto": "Produto 48", "categoria": "A\u00e7\u00f5es", "valor": 2665}, {"produto": "Produto 17", "categoria": "Batman", "valor": 3639}, {"produto": "Produto 92", "categoria": "A\u00e7\u00f5es", "valor": 3666}, {"produto": "Produto 53", "categoria": "Eletronicos", "valor": 9280}, {"produto": "Produto 69", "categoria": "Batman", "valor": 9300}, {"produto": "Produto 94", "categoria": "Batman", "valor": 1247}, {"produto": "Produto 44", "categoria": "Batman", "valor": 5675}, {"produto": "Produto 57", "categoria": "Batman", "valor": 9400}, {"produto": "Produto 53", "categoria": "Batman", "valor": 4862}, {"produto": "Produto 89", "categoria": "Livros", "valor": 337}, {"produto": "Produto 7", "categoria": "A\u00e7\u00f5es", "valor": 9854}, {"produto": "Produto 35", "categoria": "Roupas", "valor": 5658}, {"produto": "Produto 79", "categoria": "Roupas", "valor": 5431}, {"produto": "Produto 6", "categoria": "Livros", "valor": 2096}, {"produto": "Produto 54", "categoria": "Livros", "valor": 190}, {"produto": "Produto 71", "categoria": "Batman", "valor": 2190}, {"produto": "Produto 67", "categoria": "Eletronicos", "valor": 4067}, {"produto": "Produto 10", "categoria": "Eletronicos", "valor": 1782}, {"produto": "Produto 11", "categoria": "Roupas", "valor": 7268}, {"produto": "Produto 24", "categoria": "Livros", "valor": 9993}, {"produto": "Produto 82", "categoria": "Roupas", "valor": 3318}, {"produto": "Produto 92", "categoria": "Livros", "valor": 5522}, {"produto": "Produto 5", "categoria": "Eletronicos", "valor": 85}, {"produto": "Produto 50", "categoria": "A\u00e7\u00f5es", "valor": 8991}, {"produto": "Produto 3", "categoria": "A\u00e7\u00f5es", "valor": 6873}, {"produto": "Produto 46", "categoria": "Roupas", "valor": 7881}, {"produto": "Produto 75", "categoria": "Eletronicos", "valor": 4406}, {"produto": "Produto 64", "categoria": "Batman", "valor": 5066}, {"produto": "Produto 39", "categoria": "Eletronicos", "valor": 1166}, {"produto": "Produto 26", "categoria": "A\u00e7\u00f5es", "valor": 8499}, {"produto": "Produto 75", "categoria": "Roupas", "valor": 3602}, {"produto": "Produto 4", "categoria": "Roupas", "valor": 3490}, {"produto": "Produto 69", "categoria": "Batman", "valor": 3713}, {"produto": "Produto 92", "categoria": "Eletronicos", "valor": 9056}, {"produto": "Produto 95", "categoria": "Eletronicos", "valor": 5100}, {"produto": "Produto 78", "categoria": "A\u00e7\u00f5es", "valor": 929}, {"produto": "Produto 69", "categoria": "Eletronicos", "valor": 6156}, {"produto": "Produto 48", "categoria": "Livros", "valor": 838}, {"produto": "Produto 5", "categoria": "Roupas", "valor": 1785}, {"produto": "Produto 96", "categoria": "Roupas", "valor": 7982}, {"produto": "Produto 7", "categoria": "Eletronicos", "valor": 9554}, {"produto": "Produto 93", "categoria": "Batman", "valor": 4082}, {"produto": "Produto 12", "categoria": "Roupas", "valor": 4939}, {"produto": "Produto 95", "categoria": "Eletronicos", "valor": 2463}, {"produto": "Produto 52", "categoria": "Eletronicos", "valor": 8573}, {"produto": "Produto 51", "categoria": "Eletronicos", "valor": 6547}, {"produto": "Produto 2", "categoria": "Livros", "valor": 5095}, {"produto": "Produto 30", "categoria": "A\u00e7\u00f5es", "valor": 1473}, {"produto": "Produto 51", "categoria": "Batman", "valor": 7538}, {"produto": "Produto 12", "categoria": "Batman", "valor": 2404}, {"produto": "Produto 75", "categoria": "Roupas", "valor": 9987}, {"produto": "Produto 73", "categoria": "Roupas", "valor": 2276}, {"produto": "Produto 91", "categoria": "Roupas", "valor": 4845}, {"produto": "Produto 28", "categoria": "Livros", "valor": 308}, {"produto": "Produto 55", "categoria": "Roupas", "valor": 6343}, {"produto": "Produto 25", "categoria": "Roupas", "valor": 5440}, {"produto": "Produto 72", "categoria": "A\u00e7\u00f5es", "valor": 4245}, {"produto": "Produto 6", "categoria": "Eletronicos", "valor": 2306}, {"produto": "Produto 17", "categoria": "Roupas", "valor": 1709}, {"produto": "Produto 9", "categoria": "Batman", "valor": 8106}, {"produto": "Produto 98", "categoria": "Eletronicos", "valor": 2747}, {"produto": "Produto 79", "categoria": "Livros", "valor": 2309}, {"produto": "Produto 62", "categoria": "Batman", "valor": 6786}, {"produto": "Produto 27", "categoria": "Livros", "valor": 4219}, {"produto": "Produto 20", "categoria": "Livros", "valor": 3300}, {"produto": "Produto 34", "categoria": "A\u00e7\u00f5es", "valor": 7844}, {"produto": "Produto 35", "categoria": "A\u00e7\u00f5es", "valor": 6472}, {"produto": "Produto 88", "categoria": "Eletronicos", "valor": 9173}, {"produto": "Produto 32", "categoria": "Batman", "valor": 868}, {"produto": "Produto 81", "categoria": "Livros", "valor": 5956}, {"produto": "Produto 35", "categoria": "Roupas", "valor": 2675}, {"produto": "Produto 96", "categoria": "Batman", "valor": 8746}, {"produto": "Produto 9", "categoria": "Batman", "valor": 1300}, {"produto": "Produto 22", "categoria": "Livros", "valor": 5178}, {"produto": "Produto 85", "categoria": "Batman", "valor": 7515}, {"produto": "Produto 84", "categoria": "Eletronicos", "valor": 8020}, {"produto": "Produto 44", "categoria": "Eletronicos", "valor": 4268}, {"produto": "Produto 43", "categoria": "Eletronicos", "valor": 4508}, {"produto": "Produto 67", "categoria": "Batman", "valor": 6715}, {"produto": "Produto 81", "categoria": "Eletronicos", "valor": 7894}, {"produto": "Produto 30", "categoria": "Eletronicos", "valor": 8887}, {"produto": "Produto 5", "categoria": "A\u00e7\u00f5es", "valor": 5129}, {"produto": "Produto 6", "categoria": "Eletronicos", "valor": 3113}, {"produto": "Produto 60", "categoria": "Livros", "valor": 2729}, {"produto": "Produto 56", "categoria": "Eletronicos", "valor": 9625}, {"produto": "Produto 16", "categoria": "A\u00e7\u00f5es", "valor": 344}, {"produto": "Produto 20", "categoria": "A\u00e7\u00f5es", "valor": 8997}, {"produto": "Produto 29", "categoria": "Livros", "valor": 6427}, {"produto": "Produto 12", "categoria": "Roupas", "valor": 8335}, {"produto": "Produto 62", "categoria": "Roupas", "valor": 4784}, {"produto": "Produto 95", "categoria": "Roupas", "valor": 9884}, {"produto": "Produto 53", "categoria": "Eletronicos", "valor": 4820}, {"produto": "Produto 36", "categoria": "Roupas", "valor": 6834}, {"produto": "Produto 88", "categoria": "Eletronicos", "valor": 3657}, {"produto": "Produto 79", "categoria": "Eletronicos", "valor": 6088}, {"produto": "Produto 58", "categoria": "Batman", "valor": 209}, {"produto": "Produto 82", "categoria": "Livros", "valor": 4106}, {"produto": "Produto 9", "categoria": "Livros", "valor": 658}, {"produto": "Produto 43", "categoria": "Livros", "valor": 3702}, {"produto": "Produto 1", "categoria": "A\u00e7\u00f5es", "valor": 5305}, {"produto": "Produto 3", "categoria": "Eletronicos", "valor": 1149}, {"produto": "Produto 1", "categoria": "Roupas", "valor": 3852}, {"produto": "Produto 26", "categoria": "Eletronicos", "valor": 7605}, {"produto": "Produto 85", "categoria": "Roupas", "valor": 4634}, {"produto": "Produto 90", "categoria": "Livros", "valor": 2352}, {"produto": "Produto 82", "categoria": "Livros", "valor": 3422}, {"produto": "Produto 9", "categoria": "Batman", "valor": 99}, {"produto": "Produto 3", "categoria": "Livros", "valor": 2727}, {"produto": "Produto 2", "categoria": "Batman", "valor": 8608}, {"produto": "Produto 14", "categoria": "Eletronicos", "valor": 3268}, {"produto": "Produto 89", "categoria": "Roupas", "valor": 707}, {"produto": "Produto 21", "categoria": "Eletronicos", "valor": 2429}, {"produto": "Produto 21", "categoria": "Batman", "valor": 1326}, {"produto": "Produto 87", "categoria": "Livros", "valor": 6285}, {"produto": "Produto 62", "categoria": "Batman", "valor": 6320}, {"produto": "Produto 47", "categoria": "Batman", "valor": 9133}, {"produto": "Produto 68", "categoria": "Livros", "valor": 2428}, {"produto": "Produto 13", "categoria": "Eletronicos", "valor": 2350}, {"produto": "Produto 83", "categoria": "A\u00e7\u00f5es", "valor": 278}, {"produto": "Produto 87", "categoria": "Roupas", "valor": 8922}, {"produto": "Produto 47", "categoria": "Roupas", "valor": 1359}, {"produto": "Produto 63", "categoria": "Batman", "valor": 8623}, {"produto": "Produto 9", "categoria": "A\u00e7\u00f5es", "valor": 8801}, {"produto": "Produto 45", "categoria": "Roupas", "valor": 9128}, {"produto": "Produto 38", "categoria": "Roupas", "valor": 4236}, {"produto": "Produto 32", "categoria": "Batman", "valor": 7598}, {"produto": "Produto 21", "categoria": "Roupas", "valor": 3819}, {"produto": "Produto 11", "categoria": "Batman", "valor": 3656}, {"produto": "Produto 43", "categoria": "Livros", "valor": 5529}, {"produto": "Produto 32", "categoria": "Eletronicos", "valor": 2149}, {"produto": "Produto 61", "categoria": "Batman", "valor": 3257}, {"produto": "Produto 57", "categoria": "Eletronicos", "valor": 690}, {"produto": "Produto 90", "categoria": "Eletronicos", "valor": 9017}, {"produto": "Produto 11", "categoria": "A\u00e7\u00f5es", "valor": 8831}, {"produto": "Produto 91", "categoria": "Livros", "valor": 3641}, {"produto": "Produto 97", "categoria": "Eletronicos", "valor": 3174}, {"produto": "Produto 88", "categoria": "Livros", "valor": 2867}, {"produto": "Produto 37", "categoria": "Roupas", "valor": 6965}, {"produto": "Produto 64", "categoria": "A\u00e7\u00f5es", "valor": 5268}, {"produto": "Produto 39", "categoria": "A\u00e7\u00f5es", "valor": 9675}, {"produto": "Produto 35", "categoria": "Eletronicos", "valor": 1340}, {"produto": "Produto 29", "categoria": "Batman", "valor": 6584}, {"produto": "Produto 75", "categoria": "A\u00e7\u00f5es", "valor": 3167}, {"produto": "Produto 98", "categoria": "A\u00e7\u00f5es", "valor": 5030}, {"produto": "Produto 97", "categoria": "Eletronicos", "valor": 5745}, {"produto": "Produto 31", "categoria": "A\u00e7\u00f5es", "valor": 4907}, {"produto": "Produto 51", "categoria": "Roupas", "valor": 4943}, {"produto": "Produto 53", "categoria": "A\u00e7\u00f5es", "valor": 528}, {"produto": "Produto 81", "categoria": "Batman", "valor": 4594}, {"produto": "Produto 36", "categoria": "Eletronicos", "valor": 8847}, {"produto": "Produto 90", "categoria": "A\u00e7\u00f5es", "valor": 2897}, {"produto": "Produto 59", "categoria": "A\u00e7\u00f5es", "valor": 4346}, {"produto": "Produto 70", "categoria": "Eletronicos", "valor": 5252}, {"produto": "Produto 34", "categoria": "Eletronicos", "valor": 9485}, {"produto": "Produto 26", "categoria": "Livros", "valor": 6317}, {"produto": "Produto 69", "categoria": "A\u00e7\u00f5es", "valor": 9083}, {"produto": "Produto 49", "categoria": "Batman", "valor": 2387}, {"produto": "Produto 6", "categoria": "Roupas", "valor": 4212}, {"produto": "Produto 98", "categoria": "Roupas", "valor": 7987}, {"produto": "Produto 65", "categoria": "Batman", "valor": 1573}, {"produto": "Produto 1", "categoria": "Batman", "valor": 1175}, {"produto": "Produto 58", "categoria": "Batman", "valor": 1799}, {"produto": "Produto 72", "categoria": "Batman", "valor": 8633}, {"produto": "Produto 32", "categoria": "Livros", "valor": 7387}, {"produto": "Produto 10", "categoria": "A\u00e7\u00f5es", "valor": 341}, {"produto": "Produto 41", "categoria": "Eletronicos", "valor": 7541}, {"produto": "Produto 26", "categoria": "Batman", "valor": 6632}, {"produto": "Produto 25", "categoria": "A\u00e7\u00f5es", "valor": 6252}, {"produto": "Produto 80", "categoria": "Eletronicos", "valor": 4747}, {"produto": "Produto 100", "categoria": "Roupas", "valor": 9766}, {"produto": "Produto 56", "categoria": "Eletronicos", "valor": 7782}, {"produto": "Produto 96", "categoria": "Batman", "valor": 6222}, {"produto": "Produto 47", "categoria": "Livros", "valor": 5479}, {"produto": "Produto 49", "categoria": "Eletronicos", "valor": 8026}, {"produto": "Produto 76", "categoria": "Eletronicos", "valor": 4523}, {"produto": "Produto 35", "categoria": "A\u00e7\u00f5es", "valor": 19}, {"produto": "Produto 88", "categoria": "Batman", "valor": 84}, {"produto": "Produto 46", "categoria": "Batman", "valor": 8191}, {"produto": "Produto 26", "categoria": "A\u00e7\u00f5es", "valor": 4798}, {"produto": "Produto 68", "categoria": "Batman", "valor": 538}, {"produto": "Produto 92", "categoria": "Batman", "valor": 3714}, {"produto": "Produto 3", "categoria": "Roupas", "valor": 462}, {"produto": "Produto 3", "categoria": "Eletronicos", "valor": 6296}, {"produto": "Produto 30", "categoria": "Roupas", "valor": 3839}, {"produto": "Produto 45", "categoria": "Batman", "valor": 2489}, {"produto": "Produto 61", "categoria": "Batman", "valor": 3782}, {"produto": "Produto 13", "categoria": "A\u00e7\u00f5es", "valor": 2111}, {"produto": "Produto 84", "categoria": "A\u00e7\u00f5es", "valor": 8509}, {"produto": "Produto 50", "categoria": "Eletronicos", "valor": 57}, {"produto": "Produto 97", "categoria": "Batman", "valor": 2063}, {"produto": "Produto 78", "categoria": "Eletronicos", "valor": 1037}, {"produto": "Produto 27", "categoria": "Eletronicos", "valor": 9784}, {"produto": "Produto 60", "categoria": "Eletronicos", "valor": 7364}, {"produto": "Produto 4", "categoria": "Livros", "valor": 2886}, {"produto": "Produto 75", "categoria": "Eletronicos", "valor": 9101}, {"produto": "Produto 19", "categoria": "Eletronicos", "valor": 3055}, {"produto": "Produto 96", "categoria": "Batman", "valor": 2177}, {"produto": "Produto 27", "categoria": "Eletronicos", "valor": 5993}, {"produto": "Produto 96", "categoria": "Batman", "valor": 424}, {"produto": "Produto 93", "categoria": "Roupas", "valor": 64}, {"produto": "Produto 28", "categoria": "Eletronicos", "valor": 2867}, {"produto": "Produto 6", "categoria": "Batman", "valor": 5084}, {"produto": "Produto 17", "categoria": "Eletronicos", "valor": 8365}, {"produto": "Produto 74", "categoria": "Roupas", "valor": 7920}, {"produto": "Produto 15", "categoria": "A\u00e7\u00f5es", "valor": 8897}, {"produto": "Produto 94", "categoria": "Eletronicos", "valor": 7897}, {"produto": "Produto 94", "categoria": "A\u00e7\u00f5es", "valor": 4910}, {"produto": "Produto 55", "categoria": "A\u00e7\u00f5es", "valor": 8058}, {"produto": "Produto 81", "categoria": "Roupas", "valor": 9876}, {"produto": "Produto 63", "categoria": "Batman", "valor": 9450}, {"produto": "Produto 65", "categoria": "Batman", "valor": 602}, {"produto": "Produto 87", "categoria": "Livros", "valor": 8130}, {"produto": "Produto 38", "categoria": "A\u00e7\u00f5es", "valor": 7882}, {"produto": "Produto 8", "categoria": "A\u00e7\u00f5es", "valor": 2954}, {"produto": "Produto 45", "categoria": "Roupas", "valor": 1471}, {"produto": "Produto 1", "categoria": "A\u00e7\u00f5es", "valor": 5242}, {"produto": "Produto 93", "categoria": "Eletronicos", "valor": 9400}, {"produto": "Produto 93", "categoria": "Eletronicos", "valor": 5941}, {"produto": "Produto 68", "categoria": "Roupas", "valor": 5456}, {"produto": "Produto 52", "categoria": "Eletronicos", "valor": 6862}, {"produto": "Produto 75", "categoria": "Eletronicos", "valor": 8791}, {"produto": "Produto 34", "categoria": "Batman", "valor": 180}, {"produto": "Produto 50", "categoria": "Livros", "valor": 1667}, {"produto": "Produto 35", "categoria": "A\u00e7\u00f5es", "valor": 2156}, {"produto": "Produto 32", "categoria": "Roupas", "valor": 1654}, {"produto": "Produto 40", "categoria": "Batman", "valor": 8887}, {"produto": "Produto 71", "categoria": "A\u00e7\u00f5es", "valor": 9599}, {"produto": "Produto 44", "categoria": "Batman", "valor": 2941}, {"produto": "Produto 30", "categoria": "Livros", "valor": 7545}, {"produto": "Produto 13", "categoria": "Roupas", "valor": 9520}, {"produto": "Produto 18", "categoria": "Livros", "valor": 9634}, {"produto": "Produto 99", "categoria": "Eletronicos", "valor": 7347}, {"produto": "Produto 52", "categoria": "A\u00e7\u00f5es", "valor": 6666}, {"produto": "Produto 91", "categoria": "Roupas", "valor": 9600}, {"produto": "Produto 28", "categoria": "Livros", "valor": 7683}, {"produto": "Produto 76", "categoria": "Batman", "valor": 1690}, {"produto": "Produto 73", "categoria": "Roupas", "valor": 9573}, {"produto": "Produto 39", "categoria": "Roupas", "valor": 6032}, {"produto": "Produto 6", "categoria": "A\u00e7\u00f5es", "valor": 1650}, {"produto": "Produto 82", "categoria": "Roupas", "valor": 6196}, {"produto": "Produto 73", "categoria": "Eletronicos", "valor": 9881}, {"produto": "Produto 27", "categoria": "A\u00e7\u00f5es", "valor": 8918}, {"produto": "Produto 21", "categoria": "Eletronicos", "valor": 5725}, {"produto": "Produto 39", "categoria": "Eletronicos", "valor": 2157}, {"produto": "Produto 46", "categoria": "Livros", "valor": 1152}, {"produto": "Produto 13", "categoria": "Livros", "valor": 2159}, {"produto": "Produto 77", "categoria": "Eletronicos", "valor": 6381}, {"produto": "Produto 26", "categoria": "A\u00e7\u00f5es", "valor": 8860}, {"produto": "Produto 4", "categoria": "Roupas", "valor": 4146}, {"produto": "Produto 67", "categoria": "Batman", "valor": 3139}, {"produto": "Produto 20", "categoria": "Batman", "valor": 4432}, {"produto": "Produto 9", "categoria": "Batman", "valor": 4559}, {"produto": "Produto 4", "categoria": "A\u00e7\u00f5es", "valor": 1281}, {"produto": "Produto 84", "categoria": "A\u00e7\u00f5es", "valor": 4096}, {"produto": "Produto 1", "categoria": "Eletronicos", "valor": 268}, {"produto": "Produto 85", "categoria": "Batman", "valor": 4715}, {"produto": "Produto 72", "categoria": "Eletronicos", "valor": 7980}, {"produto": "Produto 83", "categoria": "Livros", "valor": 6639}, {"produto": "Produto 53", "categoria": "Eletronicos", "valor": 7192}, {"produto": "Produto 74", "categoria": "Eletronicos", "valor": 8379}, {"produto": "Produto 100", "categoria": "A\u00e7\u00f5es", "valor": 2558}, {"produto": "Produto 65", "categoria": "Eletronicos", "valor": 7332}, {"produto": "Produto 18", "categoria": "Batman", "valor": 7078}, {"produto": "Produto 14", "categoria": "Roupas", "valor": 3302}, {"produto": "Produto 60", "categoria": "Roupas", "valor": 8101}, {"produto": "Produto 84", "categoria": "Eletronicos", "valor": 9485}, {"produto": "Produto 93", "categoria": "Roupas", "valor": 4895}, {"produto": "Produto 21", "categoria": "A\u00e7\u00f5es", "valor": 6476}, {"produto": "Produto 33", "categoria": "Eletronicos", "valor": 1064}, {"produto": "Produto 28", "categoria": "Batman", "valor": 4929}, {"produto": "Produto 57", "categoria": "Batman", "valor": 2508}, {"produto": "Produto 73", "categoria": "Batman", "valor": 8466}, {"produto": "Produto 68", "categoria": "Batman", "valor": 8278}, {"produto": "Produto 30", "categoria": "Roupas", "valor": 7535}, {"produto": "Produto 63", "categoria": "Eletronicos", "valor": 151}, {"produto": "Produto 39", "categoria": "Eletronicos", "valor": 8029}, {"produto": "Produto 32", "categoria": "Batman", "valor": 6173}, {"produto": "Produto 48", "categoria": "Roupas", "valor": 3986}, {"produto": "Produto 64", "categoria": "Roupas", "valor": 7526}, {"produto": "Produto 49", "categoria": "Livros", "valor": 3697}, {"produto": "Produto 44", "categoria": "Livros", "valor": 4693}, {"produto": "Produto 57", "categoria": "Batman", "valor": 5296}, {"produto": "Produto 18", "categoria": "Roupas", "valor": 8992}, {"produto": "Produto 18", "categoria": "Roupas", "valor": 2868}, {"produto": "Produto 78", "categoria": "Roupas", "valor": 8332}, {"produto": "Produto 78", "categoria": "Roupas", "valor": 9544}, {"produto": "Produto 49", "categoria": "Livros", "valor": 8639}, {"produto": "Produto 47", "categoria": "Batman", "valor": 5861}, {"produto": "Produto 35", "categoria": "Eletronicos", "valor": 7570}, {"produto": "Produto 62", "categoria": "Livros", "valor": 3397}, {"produto": "Produto 65", "categoria": "Batman", "valor": 8609}, {"produto": "Produto 60", "categoria": "Roupas", "valor": 1301}, {"produto": "Produto 28", "categoria": "Eletronicos", "valor": 6560}, {"produto": "Produto 6", "categoria": "Livros", "valor": 2157}, {"produto": "Produto 96", "categoria": "Livros", "valor": 9097}, {"produto": "Produto 7", "categoria": "Eletronicos", "valor": 9745}, {"produto": "Produto 75", "categoria": "Batman", "valor": 5645}, {"produto": "Produto 28", "categoria": "Eletronicos", "valor": 9126}, {"produto": "Produto 41", "categoria": "Eletronicos", "valor": 7335}, {"produto": "Produto 70", "categoria": "Batman", "valor": 8524}, {"produto": "Produto 15", "categoria": "A\u00e7\u00f5es", "valor": 4937}, {"produto": "Produto 23", "categoria": "Eletronicos", "valor": 3348}, {"produto": "Produto 56", "categoria": "Eletronicos", "valor": 9517}, {"produto": "Produto 13", "categoria": "A\u00e7\u00f5es", "valor": 6991}, {"produto": "Produto 25", "categoria": "Roupas", "valor": 8128}, {"produto": "Produto 79", "categoria": "Livros", "valor": 8169}, {"produto": "Produto 47", "categoria": "Batman", "valor": 1439}, {"produto": "Produto 27", "categoria": "Batman", "valor": 3495}, {"produto": "Produto 49", "categoria": "Batman", "valor": 8172}, {"produto": "Produto 50", "categoria": "Livros", "valor": 6812}, {"produto": "Produto 13", "categoria": "Livros", "valor": 4920}, {"produto": "Produto 79", "categoria": "Eletronicos", "valor": 7960}, {"produto": "Produto 45", "categoria": "Livros", "valor": 5797}, {"produto": "Produto 100", "categoria": "Batman", "valor": 350}, {"produto": "Produto 17", "categoria": "Livros", "valor": 9486}, {"produto": "Produto 70", "categoria": "A\u00e7\u00f5es", "valor": 5962}, {"produto": "Produto 10", "categoria": "Roupas", "valor": 6320}, {"produto": "Produto 91", "categoria": "Eletronicos", "valor": 1253}, {"produto": "Produto 65", "categoria": "Eletronicos", "valor": 5115}, {"produto": "Produto 20", "categoria": "A\u00e7\u00f5es", "valor": 8246}, {"produto": "Produto 69", "categoria": "A\u00e7\u00f5es", "valor": 85}, {"produto": "Produto 8", "categoria": "Batman", "valor": 5117}, {"produto": "Produto 47", "categoria": "Livros", "valor": 2178}, {"produto": "Produto 60", "categoria": "A\u00e7\u00f5es", "valor": 8692}, {"produto": "Produto 7", "categoria": "Batman", "valor": 6520}, {"produto": "Produto 93", "categoria": "Livros", "valor": 9031}, {"produto": "Produto 63", "categoria": "Eletronicos", "valor": 7342}, {"produto": "Produto 30", "categoria": "A\u00e7\u00f5es", "valor": 8675}, {"produto": "Produto 43", "categoria": "A\u00e7\u00f5es", "valor": 8230}, {"produto": "Produto 73", "categoria": "Batman", "valor": 8711}, {"produto": "Produto 14", "categoria": "Eletronicos", "valor": 9498}, {"produto": "Produto 86", "categoria": "Roupas", "valor": 4550}, {"produto": "Produto 92", "categoria": "Eletronicos", "valor": 1653}, {"produto": "Produto 79", "categoria": "A\u00e7\u00f5es", "valor": 834}, {"produto": "Produto 32", "categoria": "Livros", "valor": 2119}, {"produto": "Produto 91", "categoria": "Eletronicos", "valor": 2264}, {"produto": "Produto 99", "categoria": "Roupas", "valor": 1654}, {"produto": "Produto 98", "categoria": "Livros", "valor": 5409}, {"produto": "Produto 93", "categoria": "Batman", "valor": 9044}, {"produto": "Produto 48", "categoria": "Roupas", "valor": 1347}, {"produto": "Produto 47", "categoria": "A\u00e7\u00f5es", "valor": 8417}, {"produto": "Produto 87", "categoria": "Eletronicos", "valor": 4307}, {"produto": "Produto 61", "categoria": "Roupas", "valor": 611}, {"produto": "Produto 96", "categoria": "A\u00e7\u00f5es", "valor": 7812}, {"produto": "Produto 17", "categoria": "Livros", "valor": 3922}, {"produto": "Produto 91", "categoria": "A\u00e7\u00f5es", "valor": 8931}, {"produto": "Produto 51", "categoria": "Eletronicos", "valor": 6231}, {"produto": "Produto 52", "categoria": "Roupas", "valor": 8208}, {"produto": "Produto 78", "categoria": "Roupas", "valor": 2719}, {"produto": "Produto 66", "categoria": "A\u00e7\u00f5es", "valor": 19}, {"produto": "Produto 65", "categoria": "A\u00e7\u00f5es", "valor": 700}, {"produto": "Produto 29", "categoria": "A\u00e7\u00f5es", "valor": 784}, {"produto": "Produto 24", "categoria": "A\u00e7\u00f5es", "valor": 3304}, {"produto": "Produto 26", "categoria": "Roupas", "valor": 2337}, {"produto": "Produto 71", "categoria": "A\u00e7\u00f5es", "valor": 9053}, {"produto": "Produto 31", "categoria": "Livros", "valor": 6058}, {"produto": "Produto 33", "categoria": "A\u00e7\u00f5es", "valor": 2970}, {"produto": "Produto 71", "categoria": "Livros", "valor": 7448}, {"produto": "Produto 38", "categoria": "A\u00e7\u00f5es", "valor": 2816}, {"produto": "Produto 98", "categoria": "Eletronicos", "valor": 8600}, {"produto": "Produto 89", "categoria": "Eletronicos", "valor": 9864}, {"produto": "Produto 22", "categoria": "Eletronicos", "valor": 768}, {"produto": "Produto 44", "categoria": "Roupas", "valor": 3394}, {"produto": "Produto 36", "categoria": "Livros", "valor": 2570}, {"produto": "Produto 42", "categoria": "Eletronicos", "valor": 9407}, {"produto": "Produto 84", "categoria": "Eletronicos", "valor": 6000}, {"produto": "Produto 74", "categoria": "A\u00e7\u00f5es", "valor": 5745}, {"produto": "Produto 84", "categoria": "Eletronicos", "valor": 309}, {"produto": "Produto 98", "categoria": "A\u00e7\u00f5es", "valor": 7358}, {"produto": "Produto 91", "categoria": "A\u00e7\u00f5es", "valor": 638}, {"produto": "Produto 98", "categoria": "Livros", "valor": 6200}, {"produto": "Produto 18", "categoria": "Eletronicos", "valor": 9329}, {"produto": "Produto 79", "categoria": "Eletronicos", "valor": 1747}, {"produto": "Produto 85", "categoria": "Eletronicos", "valor": 328}, {"produto": "Produto 55", "categoria": "A\u00e7\u00f5es", "valor": 7105}, {"produto": "Produto 9", "categoria": "A\u00e7\u00f5es", "valor": 4025}, {"produto": "Produto 79", "categoria": "A\u00e7\u00f5es", "valor": 7183}, {"produto": "Produto 85", "categoria": "Roupas", "valor": 4604}, {"produto": "Produto 21", "categoria": "Batman", "valor": 6782}, {"produto": "Produto 90", "categoria": "Livros", "valor": 5038}, {"produto": "Produto 20", "categoria": "Batman", "valor": 2658}, {"produto": "Produto 42", "categoria": "Roupas", "valor": 4585}, {"produto": "Produto 6", "categoria": "Batman", "valor": 9317}, {"produto": "Produto 51", "categoria": "Eletronicos", "valor": 45}, {"produto": "Produto 32", "categoria": "Batman", "valor": 1032}, {"produto": "Produto 81", "categoria": "Eletronicos", "valor": 3323}, {"produto": "Produto 99", "categoria": "Eletronicos", "valor": 3172}, {"produto": "Produto 14", "categoria": "A\u00e7\u00f5es", "valor": 8026}, {"produto": "Produto 28", "categoria": "Roupas", "valor": 442}, {"produto": "Produto 37", "categoria": "Batman", "valor": 2163}, {"produto": "Produto 80", "categoria": "Batman", "valor": 9053}, {"produto": "Produto 38", "categoria": "Batman", "valor": 1584}, {"produto": "Produto 96", "categoria": "Batman", "valor": 4743}, {"produto": "Produto 27", "categoria": "Roupas", "valor": 647}, {"produto": "Produto 56", "categoria": "Livros", "valor": 4721}, {"produto": "Produto 99", "categoria": "Roupas", "valor": 4479}, {"produto": "Produto 42", "categoria": "Roupas", "valor": 3389}, {"produto": "Produto 2", "categoria": "A\u00e7\u00f5es", "valor": 415}, {"produto": "Produto 52", "categoria": "Roupas", "valor": 5847}, {"produto": "Produto 40", "categoria": "Roupas", "valor": 151}, {"produto": "Produto 82", "categoria": "Eletronicos", "valor": 8238}, {"produto": "Produto 57", "categoria": "Livros", "valor": 7402}, {"produto": "Produto 100", "categoria": "A\u00e7\u00f5es", "valor": 5028}, {"produto": "Produto 89", "categoria": "Livros", "valor": 85}, {"produto": "Produto 11", "categoria": "Roupas", "valor": 7665}, {"produto": "Produto 22", "categoria": "Batman", "valor": 5702}, {"produto": "Produto 45", "categoria": "Eletronicos", "valor": 5680}, {"produto": "Produto 64", "categoria": "A\u00e7\u00f5es", "valor": 7486}, {"produto": "Produto 65", "categoria": "Livros", "valor": 4157}, {"produto": "Produto 62", "categoria": "Batman", "valor": 749}, {"produto": "Produto 84", "categoria": "Livros", "valor": 2578}, {"produto": "Produto 87", "categoria": "Livros", "valor": 925}, {"produto": "Produto 97", "categoria": "Batman", "valor": 7336}, {"produto": "Produto 52", "categoria": "Livros", "valor": 6089}, {"produto": "Produto 57", "categoria": "Batman", "valor": 5363}, {"produto": "Produto 1", "categoria": "Batman", "valor": 4875}, {"produto": "Produto 22", "categoria": "Livros", "valor": 8518}, {"produto": "Produto 63", "categoria": "Batman", "valor": 5202}, {"produto": "Produto 42", "categoria": "Batman", "valor": 3180}, {"produto": "Produto 63", "categoria": "Roupas", "valor": 6456}, {"produto": "Produto 72", "categoria": "Roupas", "valor": 183}, {"produto": "Produto 88", "categoria": "A\u00e7\u00f5es", "valor": 5759}, {"produto": "Produto 29", "categoria": "Eletronicos", "valor": 5591}, {"produto": "Produto 77", "categoria": "Livros", "valor": 4245}, {"produto": "Produto 24", "categoria": "Eletronicos", "valor": 8149}, {"produto": "Produto 10", "categoria": "Batman", "valor": 5612}, {"produto": "Produto 87", "categoria": "Roupas", "valor": 1336}, {"produto": "Produto 42", "categoria": "Eletronicos", "valor": 6347}, {"produto": "Produto 36", "categoria": "Eletronicos", "valor": 9637}, {"produto": "Produto 37", "categoria": "Eletronicos", "valor": 2653}, {"produto": "Produto 42", "categoria": "Batman", "valor": 1843}, {"produto": "Produto 42", "categoria": "A\u00e7\u00f5es", "valor": 8941}, {"produto": "Produto 99", "categoria": "Roupas", "valor": 8542}, {"produto": "Produto 91", "categoria": "A\u00e7\u00f5es", "valor": 7397}, {"produto": "Produto 85", "categoria": "Roupas", "valor": 4871}, {"produto": "Produto 42", "categoria": "Eletronicos", "valor": 7913}, {"produto": "Produto 36", "categoria": "Eletronicos", "valor": 7727}, {"produto": "Produto 52", "categoria": "A\u00e7\u00f5es", "valor": 1053}, {"produto": "Produto 32", "categoria": "Batman", "valor": 1365}, {"produto": "Produto 67", "categoria": "Livros", "valor": 7813}, {"produto": "Produto 16", "categoria": "Livros", "valor": 3093}, {"produto": "Produto 53", "categoria": "Batman", "valor": 182}, {"produto": "Produto 12", "categoria": "Livros", "valor": 5203}, {"produto": "Produto 59", "categoria": "Roupas", "valor": 6621}, {"produto": "Produto 98", "categoria": "Batman", "valor": 3267}, {"produto": "Produto 23", "categoria": "Livros", "valor": 5821}, {"produto": "Produto 61", "categoria": "Eletronicos", "valor": 5479}, {"produto": "Produto 81", "categoria": "Batman", "valor": 393}, {"produto": "Produto 27", "categoria": "Livros", "valor": 5028}, {"produto": "Produto 61", "categoria": "Batman", "valor": 374}, {"produto": "Produto 49", "categoria": "Batman", "valor": 5064}, {"produto": "Produto 47", "categoria": "Batman", "valor": 3328}, {"produto": "Produto 42", "categoria": "Batman", "valor": 8867}, {"produto": "Produto 85", "categoria": "Livros", "valor": 8264}, {"produto": "Produto 49", "categoria": "Livros", "valor": 2002}, {"produto": "Produto 56", "categoria": "Batman", "valor": 3940}, {"produto": "Produto 2", "categoria": "Roupas", "valor": 5050}, {"produto": "Produto 27", "categoria": "Batman", "valor": 3227}, {"produto": "Produto 53", "categoria": "A\u00e7\u00f5es", "valor": 6477}, {"produto": "Produto 38", "categoria": "A\u00e7\u00f5es", "valor": 387}, {"produto": "Produto 99", "categoria": "Batman", "valor": 5780}, {"produto": "Produto 46", "categoria": "Eletronicos", "valor": 2887}, {"produto": "Produto 48", "categoria": "Batman", "valor": 7105}, {"produto": "Produto 70", "categoria": "A\u00e7\u00f5es", "valor": 7744}, {"produto": "Produto 19", "categoria": "Roupas", "valor": 3070}, {"produto": "Produto 66", "categoria": "A\u00e7\u00f5es", "valor": 3659}, {"produto": "Produto 32", "categoria": "A\u00e7\u00f5es", "valor": 2978}, {"produto": "Produto 25", "categoria": "A\u00e7\u00f5es", "valor": 6926}, {"produto": "Produto 83", "categoria": "Eletronicos", "valor": 22}, {"produto": "Produto 43", "categoria": "Batman", "valor": 3326}, {"produto": "Produto 78", "categoria": "Roupas", "valor": 2332}, {"produto": "Produto 42", "categoria": "A\u00e7\u00f5es", "valor": 8353}, {"produto": "Produto 71", "categoria": "Livros", "valor": 9950}, {"produto": "Produto 82", "categoria": "Roupas", "valor": 1632}, {"produto": "Produto 16", "categoria": "Livros", "valor": 7707}, {"produto": "Produto 35", "categoria": "A\u00e7\u00f5es", "valor": 6102}, {"produto": "Produto 45", "categoria": "Livros", "valor": 3307}, {"produto": "Produto 16", "categoria": "Roupas", "valor": 4222}, {"produto": "Produto 5", "categoria": "A\u00e7\u00f5es", "valor": 8873}, {"produto": "Produto 13", "categoria": "A\u00e7\u00f5es", "valor": 8670}, {"produto": "Produto 80", "categoria": "Eletronicos", "valor": 750}, {"produto": "Produto 80", "categoria": "Batman", "valor": 4202}, {"produto": "Produto 59", "categoria": "Livros", "valor": 3737}, {"produto": "Produto 99", "categoria": "Roupas", "valor": 2512}, {"produto": "Produto 12", "categoria": "Livros", "valor": 5921}, {"produto": "Produto 15", "categoria": "Batman", "valor": 8196}, {"produto": "Produto 6", "categoria": "A\u00e7\u00f5es", "valor": 6575}, {"produto": "Produto 38", "categoria": "Batman", "valor": 5243}, {"produto": "Produto 53", "categoria": "Eletronicos", "valor": 4529}, {"produto": "Produto 80", "categoria": "Eletronicos", "valor": 4554}, {"produto": "Produto 78", "categoria": "Roupas", "valor": 5695}, {"produto": "Produto 23", "categoria": "Roupas", "valor": 2835}, {"produto": "Produto 71", "categoria": "Roupas", "valor": 2839}, {"produto": "Produto 43", "categoria": "Eletronicos", "valor": 7539}, {"produto": "Produto 95", "categoria": "Eletronicos", "valor": 9441}, {"produto": "Produto 70", "categoria": "A\u00e7\u00f5es", "valor": 7524}, {"produto": "Produto 57", "categoria": "Batman", "valor": 6126}, {"produto": "Produto 13", "categoria": "Livros", "valor": 2963}, {"produto": "Produto 60", "categoria": "Eletronicos", "valor": 4116}, {"produto": "Produto 59", "categoria": "Livros", "valor": 2677}, {"produto": "Produto 15", "categoria": "A\u00e7\u00f5es", "valor": 3243}, {"produto": "Produto 86", "categoria": "Eletronicos", "valor": 6941}, {"produto": "Produto 79", "categoria": "A\u00e7\u00f5es", "valor": 997}, {"produto": "Produto 44", "categoria": "A\u00e7\u00f5es", "valor": 5768}, {"produto": "Produto 22", "categoria": "Roupas", "valor": 7679}, {"produto": "Produto 93", "categoria": "Eletronicos", "valor": 6274}, {"produto": "Produto 60", "categoria": "Livros", "valor": 4704}, {"produto": "Produto 69", "categoria": "A\u00e7\u00f5es", "valor": 7961}, {"produto": "Produto 36", "categoria": "Eletronicos", "valor": 241}, {"produto": "Produto 84", "categoria": "Roupas", "valor": 2385}, {"produto": "Produto 34", "categoria": "Eletronicos", "valor": 9372}, {"produto": "Produto 56", "categoria": "Eletronicos", "valor": 3283}, {"produto": "Produto 79", "categoria": "Batman", "valor": 3157}, {"produto": "Produto 32", "categoria": "Roupas", "valor": 1647}, {"produto": "Produto 22", "categoria": "Roupas", "valor": 6189}, {"produto": "Produto 62", "categoria": "Eletronicos", "valor": 3615}, {"produto": "Produto 47", "categoria": "A\u00e7\u00f5es", "valor": 6779}, {"produto": "Produto 57", "categoria": "Eletronicos", "valor": 3126}, {"produto": "Produto 73", "categoria": "A\u00e7\u00f5es", "valor": 1426}, {"produto": "Produto 2", "categoria": "Roupas", "valor": 9617}, {"produto": "Produto 48", "categoria": "Batman", "valor": 1944}, {"produto": "Produto 98", "categoria": "Batman", "valor": 3270}, {"produto": "Produto 67", "categoria": "A\u00e7\u00f5es", "valor": 5290}, {"produto": "Produto 46", "categoria": "Eletronicos", "valor": 7529}, {"produto": "Produto 80", "categoria": "Roupas", "valor": 8507}, {"produto": "Produto 98", "categoria": "Roupas", "valor": 5651}, {"produto": "Produto 93", "categoria": "A\u00e7\u00f5es", "valor": 6885}, {"produto": "Produto 83", "categoria": "Roupas", "valor": 6555}, {"produto": "Produto 38", "categoria": "Roupas", "valor": 731}, {"produto": "Produto 44", "categoria": "Roupas", "valor": 2074}, {"produto": "Produto 18", "categoria": "Roupas", "valor": 3239}, {"produto": "Produto 6", "categoria": "Livros", "valor": 2408}, {"produto": "Produto 87", "categoria": "Eletronicos", "valor": 4828}, {"produto": "Produto 21", "categoria": "A\u00e7\u00f5es", "valor": 9534}, {"produto": "Produto 50", "categoria": "A\u00e7\u00f5es", "valor": 3864}, {"produto": "Produto 26", "categoria": "Roupas", "valor": 591}, {"produto": "Produto 65", "categoria": "A\u00e7\u00f5es", "valor": 520}, {"produto": "Produto 9", "categoria": "Livros", "valor": 9965}, {"produto": "Produto 32", "categoria": "Eletronicos", "valor": 3860}, {"produto": "Produto 79", "categoria": "Batman", "valor": 8517}, {"produto": "Produto 42", "categoria": "Livros", "valor": 5678}, {"produto": "Produto 72", "categoria": "Eletronicos", "valor": 8251}, {"produto": "Produto 41", "categoria": "Batman", "valor": 7843}, {"produto": "Produto 53", "categoria": "Batman", "valor": 6802}, {"produto": "Produto 48", "categoria": "A\u00e7\u00f5es", "valor": 9138}, {"produto": "Produto 65", "categoria": "Eletronicos", "valor": 2733}, {"produto": "Produto 50", "categoria": "Roupas", "valor": 2786}, {"produto": "Produto 29", "categoria": "Livros", "valor": 5210}, {"produto": "Produto 76", "categoria": "Roupas", "valor": 4593}, {"produto": "Produto 16", "categoria": "A\u00e7\u00f5es", "valor": 2500}, {"produto": "Produto 53", "categoria": "Roupas", "valor": 5045}, {"produto": "Produto 53", "categoria": "Roupas", "valor": 34}, {"produto": "Produto 73", "categoria": "Batman", "valor": 9779}, {"produto": "Produto 71", "categoria": "Roupas", "valor": 7945}, {"produto": "Produto 92", "categoria": "Eletronicos", "valor": 5080}, {"produto": "Produto 85", "categoria": "Roupas", "valor": 7675}, {"produto": "Produto 53", "categoria": "Batman", "valor": 3205}, {"produto": "Produto 80", "categoria": "A\u00e7\u00f5es", "valor": 2603}, {"produto": "Produto 13", "categoria": "Eletronicos", "valor": 6410}, {"produto": "Produto 58", "categoria": "Roupas", "valor": 5208}, {"produto": "Produto 83", "categoria": "Eletronicos", "valor": 2912}, {"produto": "Produto 93", "categoria": "A\u00e7\u00f5es", "valor": 2953}, {"produto": "Produto 22", "categoria": "A\u00e7\u00f5es", "valor": 1205}, {"produto": "Produto 98", "categoria": "Eletronicos", "valor": 4128}, {"produto": "Produto 11", "categoria": "Eletronicos", "valor": 3486}, {"produto": "Produto 70", "categoria": "Eletronicos", "valor": 1512}, {"produto": "Produto 10", "categoria": "Batman", "valor": 1951}, {"produto": "Produto 63", "categoria": "Livros", "valor": 2204}, {"produto": "Produto 18", "categoria": "Batman", "valor": 8864}, {"produto": "Produto 33", "categoria": "Roupas", "valor": 8027}, {"produto": "Produto 96", "categoria": "Eletronicos", "valor": 2177}, {"produto": "Produto 48", "categoria": "Eletronicos", "valor": 2158}, {"produto": "Produto 91", "categoria": "Livros", "valor": 9370}, {"produto": "Produto 57", "categoria": "Batman", "valor": 9735}, {"produto": "Produto 49", "categoria": "Batman", "valor": 2275}, {"produto": "Produto 15", "categoria": "Roupas", "valor": 8445}, {"produto": "Produto 87", "categoria": "Eletronicos", "valor": 3329}, {"produto": "Produto 74", "categoria": "Eletronicos", "valor": 4417}, {"produto": "Produto 48", "categoria": "Livros", "valor": 1548}, {"produto": "Produto 62", "categoria": "Livros", "valor": 895}, {"produto": "Produto 69", "categoria": "Livros", "valor": 2528}, {"produto": "Produto 82", "categoria": "Batman", "valor": 9689}, {"produto": "Produto 74", "categoria": "Eletronicos", "valor": 1002}, {"produto": "Produto 99", "categoria": "Livros", "valor": 3314}, {"produto": "Produto 34", "categoria": "Eletronicos", "valor": 5394}, {"produto": "Produto 71", "categoria": "Batman", "valor": 5675}, {"produto": "Produto 46", "categoria": "Batman", "valor": 7417}, {"produto": "Produto 9", "categoria": "Eletronicos", "valor": 352}, {"produto": "Produto 7", "categoria": "Livros", "valor": 9337}, {"produto": "Produto 94", "categoria": "Livros", "valor": 7245}, {"produto": "Produto 95", "categoria": "Batman", "valor": 7469}, {"produto": "Produto 16", "categoria": "Eletronicos", "valor": 6152}, {"produto": "Produto 82", "categoria": "Eletronicos", "valor": 2479}, {"produto": "Produto 98", "categoria": "Eletronicos", "valor": 9256}, {"produto": "Produto 24", "categoria": "A\u00e7\u00f5es", "valor": 4011}, {"produto": "Produto 92", "categoria": "Livros", "valor": 9585}, {"produto": "Produto 76", "categoria": "A\u00e7\u00f5es", "valor": 5295}, {"produto": "Produto 71", "categoria": "Batman", "valor": 7329}, {"produto": "Produto 32", "categoria": "Livros", "valor": 5318}, {"produto": "Produto 57", "categoria": "Batman", "valor": 5401}, {"produto": "Produto 67", "categoria": "Roupas", "valor": 2006}, {"produto": "Produto 82", "categoria": "Roupas", "valor": 8268}, {"produto": "Produto 52", "categoria": "Roupas", "valor": 4356}, {"produto": "Produto 83", "categoria": "Roupas", "valor": 3407}, {"produto": "Produto 33", "categoria": "Batman", "valor": 2293}, {"produto": "Produto 13", "categoria": "A\u00e7\u00f5es", "valor": 833}, {"produto": "Produto 100", "categoria": "Livros", "valor": 9304}, {"produto": "Produto 35", "categoria": "A\u00e7\u00f5es", "valor": 2852}, {"produto": "Produto 97", "categoria": "Eletronicos", "valor": 3037}, {"produto": "Produto 73", "categoria": "Eletronicos", "valor": 3372}, {"produto": "Produto 54", "categoria": "Eletronicos", "valor": 2367}, {"produto": "Produto 28", "categoria": "A\u00e7\u00f5es", "valor": 5670}, {"produto": "Produto 43", "categoria": "Eletronicos", "valor": 1842}, {"produto": "Produto 16", "categoria": "A\u00e7\u00f5es", "valor": 5706}, {"produto": "Produto 8", "categoria": "Roupas", "valor": 6206}, {"produto": "Produto 68", "categoria": "Eletronicos", "valor": 6337}, {"produto": "Produto 97", "categoria": "A\u00e7\u00f5es", "valor": 3120}, {"produto": "Produto 66", "categoria": "Batman", "valor": 690}, {"produto": "Produto 87", "categoria": "A\u00e7\u00f5es", "valor": 3386}, {"produto": "Produto 39", "categoria": "Livros", "valor": 5906}, {"produto": "Produto 93", "categoria": "Roupas", "valor": 5908}, {"produto": "Produto 8", "categoria": "Roupas", "valor": 2507}, {"produto": "Produto 45", "categoria": "Eletronicos", "valor": 1903}, {"produto": "Produto 2", "categoria": "Livros", "valor": 4559}, {"produto": "Produto 55", "categoria": "Eletronicos", "valor": 8096}, {"produto": "Produto 96", "categoria": "Livros", "valor": 575}, {"produto": "Produto 8", "categoria": "A\u00e7\u00f5es", "valor": 2160}, {"produto": "Produto 78", "categoria": "Batman", "valor": 6213}, {"produto": "Produto 62", "categoria": "Livros", "valor": 9613}, {"produto": "Produto 48", "categoria": "Roupas", "valor": 2652}, {"produto": "Produto 13", "categoria": "A\u00e7\u00f5es", "valor": 8144}, {"produto": "Produto 91", "categoria": "Livros", "valor": 4254}, {"produto": "Produto 50", "categoria": "Livros", "valor": 3164}, {"produto": "Produto 61", "categoria": "Batman", "valor": 7230}, {"produto": "Produto 39", "categoria": "A\u00e7\u00f5es", "valor": 7960}, {"produto": "Produto 88", "categoria": "A\u00e7\u00f5es", "valor": 5608}, {"produto": "Produto 87", "categoria": "Roupas", "valor": 7257}, {"produto": "Produto 20", "categoria": "A\u00e7\u00f5es", "valor": 2177}, {"produto": "Produto 24", "categoria": "Batman", "valor": 6401}, {"produto": "Produto 86", "categoria": "Roupas", "valor": 1399}, {"produto": "Produto 49", "categoria": "Roupas", "valor": 5017}, {"produto": "Produto 66", "categoria": "A\u00e7\u00f5es", "valor": 902}, {"produto": "Produto 57", "categoria": "Livros", "valor": 4987}, {"produto": "Produto 51", "categoria": "Livros", "valor": 962}, {"produto": "Produto 92", "categoria": "Eletronicos", "valor": 2089}, {"produto": "Produto 66", "categoria": "A\u00e7\u00f5es", "valor": 4052}, {"produto": "Produto 98", "categoria": "Livros", "valor": 9146}, {"produto": "Produto 16", "categoria": "Livros", "valor": 2356}, {"produto": "Produto 20", "categoria": "A\u00e7\u00f5es", "valor": 6474}, {"produto": "Produto 83", "categoria": "Eletronicos", "valor": 335}, {"produto": "Produto 28", "categoria": "Eletronicos", "valor": 590}, {"produto": "Produto 97", "categoria": "Livros", "valor": 1314}, {"produto": "Produto 40", "categoria": "Livros", "valor": 2243}, {"produto": "Produto 29", "categoria": "A\u00e7\u00f5es", "valor": 9679}, {"produto": "Produto 24", "categoria": "Livros", "valor": 2909}, {"produto": "Produto 81", "categoria": "Livros", "valor": 8123}, {"produto": "Produto 44", "categoria": "A\u00e7\u00f5es", "valor": 352}, {"produto": "Produto 23", "categoria": "Eletronicos", "valor": 8745}, {"produto": "Produto 22", "categoria": "Livros", "valor": 7109}, {"produto": "Produto 6", "categoria": "Livros", "valor": 2971}, {"produto": "Produto 76", "categoria": "Batman", "valor": 6710}, {"produto": "Produto 30", "categoria": "Batman", "valor": 2283}, {"produto": "Produto 87", "categoria": "A\u00e7\u00f5es", "valor": 2583}, {"produto": "Produto 52", "categoria": "Roupas", "valor": 127}, {"produto": "Produto 77", "categoria": "Eletronicos", "valor": 8052}, {"produto": "Produto 24", "categoria": "Roupas", "valor": 4435}, {"produto": "Produto 46", "categoria": "Livros", "valor": 2688}, {"produto": "Produto 37", "categoria": "Livros", "valor": 9346}, {"produto": "Produto 21", "categoria": "Livros", "valor": 1723}, {"produto": "Produto 47", "categoria": "A\u00e7\u00f5es", "valor": 1107}, {"produto": "Produto 36", "categoria": "A\u00e7\u00f5es", "valor": 4470}, {"produto": "Produto 22", "categoria": "Batman", "valor": 4116}, {"produto": "Produto 47", "categoria": "Eletronicos", "valor": 4875}, {"produto": "Produto 5", "categoria": "Eletronicos", "valor": 5358}, {"produto": "Produto 84", "categoria": "Livros", "valor": 2277}, {"produto": "Produto 66", "categoria": "A\u00e7\u00f5es", "valor": 119}, {"produto": "Produto 1", "categoria": "Livros", "valor": 170}, {"produto": "Produto 99", "categoria": "Batman", "valor": 1310}, {"produto": "Produto 17", "categoria": "Roupas", "valor": 2432}, {"produto": "Produto 80", "categoria": "Batman", "valor": 2859}, {"produto": "Produto 16", "categoria": "Livros", "valor": 6518}, {"produto": "Produto 61", "categoria": "A\u00e7\u00f5es", "valor": 41}, {"produto": "Produto 58", "categoria": "A\u00e7\u00f5es", "valor": 3648}, {"produto": "Produto 33", "categoria": "Livros", "valor": 3498}, {"produto": "Produto 98", "categoria": "A\u00e7\u00f5es", "valor": 9273}, {"produto": "Produto 96", "categoria": "A\u00e7\u00f5es", "valor": 9102}, {"produto": "Produto 72", "categoria": "Livros", "valor": 9691}, {"produto": "Produto 10", "categoria": "Batman", "valor": 1001}, {"produto": "Produto 21", "categoria": "Eletronicos", "valor": 6582}, {"produto": "Produto 77", "categoria": "Roupas", "valor": 4773}, {"produto": "Produto 60", "categoria": "A\u00e7\u00f5es", "valor": 6258}, {"produto": "Produto 56", "categoria": "Batman", "valor": 8660}, {"produto": "Produto 28", "categoria": "Batman", "valor": 7452}, {"produto": "Produto 64", "categoria": "Livros", "valor": 1567}, {"produto": "Produto 83", "categoria": "Roupas", "valor": 1304}, {"produto": "Produto 76", "categoria": "Batman", "valor": 5319}, {"produto": "Produto 63", "categoria": "Livros", "valor": 5949}, {"produto": "Produto 43", "categoria": "Batman", "valor": 8014}, {"produto": "Produto 26", "categoria": "Roupas", "valor": 4196}, {"produto": "Produto 93", "categoria": "Roupas", "valor": 9918}, {"produto": "Produto 92", "categoria": "Roupas", "valor": 2905}, {"produto": "Produto 72", "categoria": "A\u00e7\u00f5es", "valor": 1247}, {"produto": "Produto 79", "categoria": "Eletronicos", "valor": 757}, {"produto": "Produto 60", "categoria": "Livros", "valor": 2163}, {"produto": "Produto 58", "categoria": "Roupas", "valor": 3330}, {"produto": "Produto 10", "categoria": "Eletronicos", "valor": 473}, {"produto": "Produto 26", "categoria": "Eletronicos", "valor": 2056}, {"produto": "Produto 63", "categoria": "A\u00e7\u00f5es", "valor": 7191}, {"produto": "Produto 56", "categoria": "Livros", "valor": 7954}, {"produto": "Produto 7", "categoria": "Eletronicos", "valor": 8550}, {"produto": "Produto 22", "categoria": "Eletronicos", "valor": 376}, {"produto": "Produto 32", "categoria": "Eletronicos", "valor": 6206}, {"produto": "Produto 88", "categoria": "Eletronicos", "valor": 6286}, {"produto": "Produto 82", "categoria": "Livros", "valor": 9378}, {"produto": "Produto 19", "categoria": "A\u00e7\u00f5es", "valor": 1030}, {"produto": "Produto 1", "categoria": "A\u00e7\u00f5es", "valor": 1436}, {"produto": "Produto 96", "categoria": "Batman", "valor": 8563}, {"produto": "Produto 1", "categoria": "Livros", "valor": 648}, {"produto": "Produto 34", "categoria": "Roupas", "valor": 1129}, {"produto": "Produto 66", "categoria": "Roupas", "valor": 707}, {"produto": "Produto 69", "categoria": "Batman", "valor": 8648}, {"produto": "Produto 20", "categoria": "A\u00e7\u00f5es", "valor": 9754}, {"produto": "Produto 80", "categoria": "Batman", "valor": 7661}, {"produto": "Produto 96", "categoria": "Batman", "valor": 9420}, {"produto": "Produto 25", "categoria": "Roupas", "valor": 367}, {"produto": "Produto 16", "categoria": "Livros", "valor": 6538}, {"produto": "Produto 46", "categoria": "Eletronicos", "valor": 1470}, {"produto": "Produto 9", "categoria": "Eletronicos", "valor": 3188}, {"produto": "Produto 20", "categoria": "Eletronicos", "valor": 8778}, {"produto": "Produto 20", "categoria": "A\u00e7\u00f5es", "valor": 9297}, {"produto": "Produto 58", "categoria": "Eletronicos", "valor": 7527}, {"produto": "Produto 10", "categoria": "Roupas", "valor": 5304}, {"produto": "Produto 68", "categoria": "A\u00e7\u00f5es", "valor": 2102}, {"produto": "Produto 95", "categoria": "Roupas", "valor": 101}, {"produto": "Produto 81", "categoria": "Livros", "valor": 170}, {"produto": "Produto 27", "categoria": "Livros", "valor": 1195}, {"produto": "Produto 50", "categoria": "Batman", "valor": 4717}, {"produto": "Produto 15", "categoria": "Roupas", "valor": 4365}, {"produto": "Produto 60", "categoria": "A\u00e7\u00f5es", "valor": 7487}, {"produto": "Produto 78", "categoria": "Batman", "valor": 5219}, {"produto": "Produto 46", "categoria": "Batman", "valor": 5585}, {"produto": "Produto 13", "categoria": "Livros", "valor": 9772}, {"produto": "Produto 45", "categoria": "Livros", "valor": 9529}, {"produto": "Produto 21", "categoria": "Eletronicos", "valor": 8717}, {"produto": "Produto 20", "categoria": "Livros", "valor": 1285}, {"produto": "Produto 52", "categoria": "Batman", "valor": 1884}, {"produto": "Produto 20", "categoria": "A\u00e7\u00f5es", "valor": 9095}, {"produto": "Produto 84", "categoria": "Livros", "valor": 5676}, {"produto": "Produto 55", "categoria": "Roupas", "valor": 921}, {"produto": "Produto 66", "categoria": "Livros", "valor": 4241}, {"produto": "Produto 35", "categoria": "A\u00e7\u00f5es", "valor": 7207}, {"produto": "Produto 93", "categoria": "Roupas", "valor": 6412}, {"produto": "Produto 2", "categoria": "Eletronicos", "valor": 5397}, {"produto": "Produto 2", "categoria": "Batman", "valor": 8862}, {"produto": "Produto 40", "categoria": "A\u00e7\u00f5es", "valor": 4246}, {"produto": "Produto 69", "categoria": "A\u00e7\u00f5es", "valor": 4370}, {"produto": "Produto 89", "categoria": "Roupas", "valor": 1772}, {"produto": "Produto 28", "categoria": "Livros", "valor": 263}, {"produto": "Produto 75", "categoria": "A\u00e7\u00f5es", "valor": 5550}, {"produto": "Produto 6", "categoria": "Eletronicos", "valor": 6512}, {"produto": "Produto 8", "categoria": "A\u00e7\u00f5es", "valor": 9352}, {"produto": "Produto 51", "categoria": "A\u00e7\u00f5es", "valor": 3119}, {"produto": "Produto 65", "categoria": "Roupas", "valor": 9652}, {"produto": "Produto 11", "categoria": "Livros", "valor": 6209}, {"produto": "Produto 30", "categoria": "Eletronicos", "valor": 7481}, {"produto": "Produto 35", "categoria": "Roupas", "valor": 2075}, {"produto": "Produto 72", "categoria": "Eletronicos", "valor": 4752}, {"produto": "Produto 23", "categoria": "Livros", "valor": 8256}, {"produto": "Produto 66", "categoria": "Livros", "valor": 2717}, {"produto": "Produto 35", "categoria": "Eletronicos", "valor": 7033}, {"produto": "Produto 87", "categoria": "A\u00e7\u00f5es", "valor": 9077}, {"produto": "Produto 23", "categoria": "A\u00e7\u00f5es", "valor": 2076}, {"produto": "Produto 55", "categoria": "A\u00e7\u00f5es", "valor": 5557}, {"produto": "Produto 48", "categoria": "Eletronicos", "valor": 2904}, {"produto": "Produto 22", "categoria": "Eletronicos", "valor": 8418}, {"produto": "Produto 77", "categoria": "A\u00e7\u00f5es", "valor": 897}, {"produto": "Produto 35", "categoria": "Eletronicos", "valor": 3983}, {"produto": "Produto 14", "categoria": "Roupas", "valor": 2361}, {"produto": "Produto 68", "categoria": "A\u00e7\u00f5es", "valor": 7580}, {"produto": "Produto 59", "categoria": "Livros", "valor": 9863}, {"produto": "Produto 73", "categoria": "A\u00e7\u00f5es", "valor": 1871}, {"produto": "Produto 27", "categoria": "Roupas", "valor": 8649}, {"produto": "Produto 100", "categoria": "Roupas", "valor": 3964}, {"produto": "Produto 31", "categoria": "A\u00e7\u00f5es", "valor": 8578}, {"produto": "Produto 6", "categoria": "Batman", "valor": 9123}, {"produto": "Produto 69", "categoria": "Livros", "valor": 8183}, {"produto": "Produto 69", "categoria": "A\u00e7\u00f5es", "valor": 1388}, {"produto": "Produto 54", "categoria": "Livros", "valor": 8919}, {"produto": "Produto 67", "categoria": "Eletronicos", "valor": 4444}, {"produto": "Produto 84", "categoria": "A\u00e7\u00f5es", "valor": 7626}, {"produto": "Produto 18", "categoria": "Roupas", "valor": 8686}, {"produto": "Produto 4", "categoria": "Livros", "valor": 4883}, {"produto": "Produto 95", "categoria": "A\u00e7\u00f5es", "valor": 5453}, {"produto": "Produto 89", "categoria": "Batman", "valor": 7294}, {"produto": "Produto 77", "categoria": "Batman", "valor": 2054}, {"produto": "Produto 38", "categoria": "A\u00e7\u00f5es", "valor": 9624}, {"produto": "Produto 68", "categoria": "Livros", "valor": 3632}, {"produto": "Produto 81", "categoria": "Livros", "valor": 6862}, {"produto": "Produto 70", "categoria": "Livros", "valor": 6703}, {"produto": "Produto 8", "categoria": "Eletronicos", "valor": 5478}, {"produto": "Produto 52", "categoria": "Roupas", "valor": 9192}, {"produto": "Produto 4", "categoria": "Roupas", "valor": 2871}, {"produto": "Produto 81", "categoria": "Roupas", "valor": 2586}, {"produto": "Produto 76", "categoria": "Batman", "valor": 5272}, {"produto": "Produto 57", "categoria": "Livros", "valor": 7868}, {"produto": "Produto 85", "categoria": "Batman", "valor": 4574}, {"produto": "Produto 47", "categoria": "Eletronicos", "valor": 8057}, {"produto": "Produto 26", "categoria": "A\u00e7\u00f5es", "valor": 4629}, {"produto": "Produto 43", "categoria": "Eletronicos", "valor": 5599}, {"produto": "Produto 83", "categoria": "Roupas", "valor": 1173}, {"produto": "Produto 37", "categoria": "Batman", "valor": 8338}, {"produto": "Produto 71", "categoria": "Roupas", "valor": 9734}, {"produto": "Produto 1", "categoria": "Batman", "valor": 8666}, {"produto": "Produto 34", "categoria": "Roupas", "valor": 8726}, {"produto": "Produto 28", "categoria": "Eletronicos", "valor": 7136}, {"produto": "Produto 70", "categoria": "Roupas", "valor": 6820}, {"produto": "Produto 36", "categoria": "A\u00e7\u00f5es", "valor": 5202}, {"produto": "Produto 14", "categoria": "Roupas", "valor": 9049}, {"produto": "Produto 87", "categoria": "Livros", "valor": 3792}, {"produto": "Produto 97", "categoria": "Eletronicos", "valor": 6178}, {"produto": "Produto 75", "categoria": "Roupas", "valor": 2983}, {"produto": "Produto 40", "categoria": "Livros", "valor": 1875}, {"produto": "Produto 62", "categoria": "Batman", "valor": 8384}, {"produto": "Produto 31", "categoria": "Livros", "valor": 779}, {"produto": "Produto 2", "categoria": "Batman", "valor": 1340}, {"produto": "Produto 15", "categoria": "Roupas", "valor": 1844}, {"produto": "Produto 77", "categoria": "Livros", "valor": 5298}, {"produto": "Produto 68", "categoria": "Eletronicos", "valor": 9823}, {"produto": "Produto 99", "categoria": "A\u00e7\u00f5es", "valor": 198}, {"produto": "Produto 22", "categoria": "Roupas", "valor": 3725}, {"produto": "Produto 21", "categoria": "Eletronicos", "valor": 9256}, {"produto": "Produto 5", "categoria": "Livros", "valor": 8726}, {"produto": "Produto 14", "categoria": "Batman", "valor": 3772}, {"produto": "Produto 93", "categoria": "Batman", "valor": 7308}, {"produto": "Produto 34", "categoria": "Eletronicos", "valor": 7318}, {"produto": "Produto 45", "categoria": "Livros", "valor": 8647}, {"produto": "Produto 20", "categoria": "Batman", "valor": 331}, {"produto": "Produto 60", "categoria": "Eletronicos", "valor": 2532}, {"produto": "Produto 80", "categoria": "Batman", "valor": 3532}, {"produto": "Produto 24", "categoria": "A\u00e7\u00f5es", "valor": 4348}, {"produto": "Produto 1", "categoria": "A\u00e7\u00f5es", "valor": 5240}, {"produto": "Produto 29", "categoria": "A\u00e7\u00f5es", "valor": 1001}, {"produto": "Produto 72", "categoria": "Roupas", "valor": 3978}, {"produto": "Produto 79", "categoria": "Eletronicos", "valor": 4201}, {"produto": "Produto 31", "categoria": "Eletronicos", "valor": 2581}, {"produto": "Produto 5", "categoria": "Roupas", "valor": 9486}, {"produto": "Produto 91", "categoria": "Batman", "valor": 8710}, {"produto": "Produto 65", "categoria": "Batman", "valor": 1635}, {"produto": "Produto 41", "categoria": "Eletronicos", "valor": 5900}, {"produto": "Produto 58", "categoria": "Livros", "valor": 11}, {"produto": "Produto 86", "categoria": "Livros", "valor": 5739}, {"produto": "Produto 53", "categoria": "Eletronicos", "valor": 4031}, {"produto": "Produto 74", "categoria": "Roupas", "valor": 5300}, {"produto": "Produto 17", "categoria": "Eletronicos", "valor": 1839}, {"produto": "Produto 10", "categoria": "Eletronicos", "valor": 2750}, {"produto": "Produto 40", "categoria": "Livros", "valor": 7237}, {"produto": "Produto 61", "categoria": "Livros", "valor": 949}, {"produto": "Produto 32", "categoria": "Batman", "valor": 1399}, {"produto": "Produto 33", "categoria": "Batman", "valor": 658}, {"produto": "Produto 38", "categoria": "A\u00e7\u00f5es", "valor": 7120}, {"produto": "Produto 67", "categoria": "A\u00e7\u00f5es", "valor": 6631}, {"produto": "Produto 77", "categoria": "Batman", "valor": 7619}, {"produto": "Produto 82", "categoria": "Batman", "valor": 8965}, {"produto": "Produto 27", "categoria": "Eletronicos", "valor": 2879}, {"produto": "Produto 16", "categoria": "Batman", "valor": 4451}, {"produto": "Produto 4", "categoria": "Roupas", "valor": 8333}, {"produto": "Produto 24", "categoria": "Eletronicos", "valor": 5409}, {"produto": "Produto 31", "categoria": "Eletronicos", "valor": 8688}, {"produto": "Produto 60", "categoria": "Roupas", "valor": 6740}, {"produto": "Produto 51", "categoria": "A\u00e7\u00f5es", "valor": 5487}, {"produto": "Produto 81", "categoria": "Eletronicos", "valor": 9758}, {"produto": "Produto 97", "categoria": "Roupas", "valor": 2611}, {"produto": "Produto 77", "categoria": "Batman", "valor": 5465}, {"produto": "Produto 83", "categoria": "Roupas", "valor": 761}, {"produto": "Produto 52", "categoria": "Roupas", "valor": 5660}, {"produto": "Produto 41", "categoria": "Roupas", "valor": 5897}, {"produto": "Produto 94", "categoria": "A\u00e7\u00f5es", "valor": 5134}, {"produto": "Produto 90", "categoria": "A\u00e7\u00f5es", "valor": 9622}, {"produto": "Produto 50", "categoria": "Roupas", "valor": 477}, {"produto": "Produto 34", "categoria": "Batman", "valor": 6142}, {"produto": "Produto 88", "categoria": "A\u00e7\u00f5es", "valor": 6549}, {"produto": "Produto 72", "categoria": "Livros", "valor": 5697}, {"produto": "Produto 62", "categoria": "Eletronicos", "valor": 964}, {"produto": "Produto 61", "categoria": "Livros", "valor": 4550}, {"produto": "Produto 77", "categoria": "Roupas", "valor": 2567}, {"produto": "Produto 81", "categoria": "Batman", "valor": 9646}, {"produto": "Produto 94", "categoria": "Eletronicos", "valor": 3582}, {"produto": "Produto 89", "categoria": "A\u00e7\u00f5es", "valor": 481}, {"produto": "Produto 58", "categoria": "Livros", "valor": 1618}, {"produto": "Produto 22", "categoria": "Roupas", "valor": 2797}, {"produto": "Produto 57", "categoria": "A\u00e7\u00f5es", "valor": 927}, {"produto": "Produto 83", "categoria": "Roupas", "valor": 8751}, {"produto": "Produto 82", "categoria": "Eletronicos", "valor": 8651}, {"produto": "Produto 76", "categoria": "Livros", "valor": 9106}, {"produto": "Produto 54", "categoria": "Batman", "valor": 7665}, {"produto": "Produto 26", "categoria": "Eletronicos", "valor": 7067}, {"produto": "Produto 54", "categoria": "Batman", "valor": 7803}, {"produto": "Produto 28", "categoria": "Batman", "valor": 8665}, {"produto": "Produto 42", "categoria": "Batman", "valor": 1624}, {"produto": "Produto 71", "categoria": "Roupas", "valor": 1607}, {"produto": "Produto 5", "categoria": "Roupas", "valor": 3476}, {"produto": "Produto 56", "categoria": "A\u00e7\u00f5es", "valor": 8322}, {"produto": "Produto 66", "categoria": "Roupas", "valor": 5448}, {"produto": "Produto 50", "categoria": "A\u00e7\u00f5es", "valor": 4757}, {"produto": "Produto 96", "categoria": "Livros", "valor": 1506}, {"produto": "Produto 24", "categoria": "A\u00e7\u00f5es", "valor": 820}, {"produto": "Produto 79", "categoria": "Batman", "valor": 1461}, {"produto": "Produto 27", "categoria": "Roupas", "valor": 7494}, {"produto": "Produto 12", "categoria": "Eletronicos", "valor": 7425}, {"produto": "Produto 69", "categoria": "A\u00e7\u00f5es", "valor": 5633}, {"produto": "Produto 90", "categoria": "Batman", "valor": 1857}, {"produto": "Produto 65", "categoria": "Batman", "valor": 9787}, {"produto": "Produto 17", "categoria": "Livros", "valor": 8572}, {"produto": "Produto 32", "categoria": "Roupas", "valor": 9308}, {"produto": "Produto 90", "categoria": "A\u00e7\u00f5es", "valor": 5025}, {"produto": "Produto 40", "categoria": "Eletronicos", "valor": 2303}, {"produto": "Produto 67", "categoria": "Roupas", "valor": 6915}, {"produto": "Produto 41", "categoria": "Roupas", "valor": 9970}, {"produto": "Produto 93", "categoria": "Eletronicos", "valor": 4841}, {"produto": "Produto 72", "categoria": "Livros", "valor": 2505}, {"produto": "Produto 3", "categoria": "A\u00e7\u00f5es", "valor": 1443}, {"produto": "Produto 20", "categoria": "Livros", "valor": 7402}, {"produto": "Produto 66", "categoria": "A\u00e7\u00f5es", "valor": 9911}, {"produto": "Produto 93", "categoria": "Eletronicos", "valor": 2980}, {"produto": "Produto 14", "categoria": "Eletronicos", "valor": 3951}, {"produto": "Produto 99", "categoria": "Eletronicos", "valor": 4127}, {"produto": "Produto 34", "categoria": "Batman", "valor": 6719}, {"produto": "Produto 35", "categoria": "Eletronicos", "valor": 6008}, {"produto": "Produto 19", "categoria": "A\u00e7\u00f5es", "valor": 4454}, {"produto": "Produto 63", "categoria": "A\u00e7\u00f5es", "valor": 8169}, {"produto": "Produto 24", "categoria": "Roupas", "valor": 8423}, {"produto": "Produto 10", "categoria": "Eletronicos", "valor": 7827}, {"produto": "Produto 62", "categoria": "Eletronicos", "valor": 4236}, {"produto": "Produto 71", "categoria": "Roupas", "valor": 1997}, {"produto": "Produto 57", "categoria": "A\u00e7\u00f5es", "valor": 1059}, {"produto": "Produto 67", "categoria": "Livros", "valor": 8949}, {"produto": "Produto 85", "categoria": "A\u00e7\u00f5es", "valor": 6657}, {"produto": "Produto 63", "categoria": "Eletronicos", "valor": 7055}, {"produto": "Produto 96", "categoria": "Eletronicos", "valor": 4275}, {"produto": "Produto 61", "categoria": "Roupas", "valor": 1774}, {"produto": "Produto 22", "categoria": "Livros", "valor": 9705}, {"produto": "Produto 39", "categoria": "Livros", "valor": 8312}, {"produto": "Produto 96", "categoria": "Roupas", "valor": 6241}, {"produto": "Produto 16", "categoria": "Roupas", "valor": 4956}, {"produto": "Produto 48", "categoria": "Roupas", "valor": 6342}, {"produto": "Produto 94", "categoria": "Eletronicos", "valor": 3561}, {"produto": "Produto 50", "categoria": "Eletronicos", "valor": 2239}, {"produto": "Produto 39", "categoria": "Batman", "valor": 7207}, {"produto": "Produto 48", "categoria": "Eletronicos", "valor": 3648}, {"produto": "Produto 93", "categoria": "Eletronicos", "valor": 9131}, {"produto": "Produto 80", "categoria": "Batman", "valor": 5823}, {"produto": "Produto 46", "categoria": "Roupas", "valor": 143}, {"produto": "Produto 86", "categoria": "Roupas", "valor": 5784}, {"produto": "Produto 83", "categoria": "Batman", "valor": 7559}, {"produto": "Produto 45", "categoria": "A\u00e7\u00f5es", "valor": 5247}, {"produto": "Produto 15", "categoria": "A\u00e7\u00f5es", "valor": 2959}, {"produto": "Produto 44", "categoria": "Livros", "valor": 7021}, {"produto": "Produto 99", "categoria": "Roupas", "valor": 4069}, {"produto": "Produto 71", "categoria": "Roupas", "valor": 7471}, {"produto": "Produto 22", "categoria": "Batman", "valor": 2680}, {"produto": "Produto 9", "categoria": "Livros", "valor": 3717}, {"produto": "Produto 84", "categoria": "Batman", "valor": 1389}, {"produto": "Produto 21", "categoria": "Batman", "valor": 6104}, {"produto": "Produto 10", "categoria": "Batman", "valor": 5595}, {"produto": "Produto 34", "categoria": "Batman", "valor": 5192}, {"produto": "Produto 57", "categoria": "Livros", "valor": 7805}, {"produto": "Produto 82", "categoria": "Roupas", "valor": 7329}, {"produto": "Produto 77", "categoria": "Livros", "valor": 1345}, {"produto": "Produto 23", "categoria": "A\u00e7\u00f5es", "valor": 8408}, {"produto": "Produto 80", "categoria": "Batman", "valor": 7191}, {"produto": "Produto 78", "categoria": "Roupas", "valor": 8565}, {"produto": "Produto 27", "categoria": "A\u00e7\u00f5es", "valor": 2662}, {"produto": "Produto 66", "categoria": "Batman", "valor": 8273}, {"produto": "Produto 34", "categoria": "Eletronicos", "valor": 4464}, {"produto": "Produto 77", "categoria": "Livros", "valor": 3227}, {"produto": "Produto 89", "categoria": "Roupas", "valor": 4160}, {"produto": "Produto 82", "categoria": "Livros", "valor": 9473}, {"produto": "Produto 1", "categoria": "Livros", "valor": 674}, {"produto": "Produto 94", "categoria": "Batman", "valor": 7071}, {"produto": "Produto 51", "categoria": "Eletronicos", "valor": 287}, {"produto": "Produto 92", "categoria": "Livros", "valor": 8938}, {"produto": "Produto 82", "categoria": "Batman", "valor": 1044}, {"produto": "Produto 58", "categoria": "Batman", "valor": 1434}, {"produto": "Produto 40", "categoria": "Roupas", "valor": 8850}, {"produto": "Produto 66", "categoria": "A\u00e7\u00f5es", "valor": 3423}, {"produto": "Produto 95", "categoria": "A\u00e7\u00f5es", "valor": 5281}, {"produto": "Produto 28", "categoria": "Eletronicos", "valor": 8265}, {"produto": "Produto 22", "categoria": "Eletronicos", "valor": 870}, {"produto": "Produto 49", "categoria": "Eletronicos", "valor": 5839}]